reporter_country,worst_outcome,count,total,pct
AE,Death,90,728,12.36
AE,Disability,10,728,1.37
AE,Hospitalization,227,728,31.18
AE,Life-Threatening,45,728,6.18
AE,No Outcome Reported,52,728,7.14
AE,Other Serious,304,728,41.76
AR,Congenital Anomaly,1,3333,0.03
AR,Death,333,3333,9.99
AR,Disability,10,3333,0.3
AR,Hospitalization,900,3333,27.0
AR,Life-Threatening,67,3333,2.01
AR,No Outcome Reported,613,3333,18.39
AR,Other Serious,1406,3333,42.18
AR,Required Intervention,3,3333,0.09
AT,Congenital Anomaly,17,1410,1.21
AT,Death,178,1410,12.62
AT,Disability,9,1410,0.64
AT,Hospitalization,365,1410,25.89
AT,Life-Threatening,51,1410,3.62
AT,No Outcome Reported,98,1410,6.95
AT,Other Serious,691,1410,49.01
AT,Required Intervention,1,1410,0.07
AU,Congenital Anomaly,55,12675,0.43
AU,Death,1453,12675,11.46
AU,Disability,66,12675,0.52
AU,Hospitalization,2762,12675,21.79
AU,Life-Threatening,450,12675,3.55
AU,No Outcome Reported,904,12675,7.13
AU,Other Serious,6979,12675,55.06
AU,Required Intervention,6,12675,0.05
BE,Congenital Anomaly,2,1705,0.12
BE,Death,224,1705,13.14
BE,Disability,42,1705,2.46
BE,Hospitalization,427,1705,25.04
BE,Life-Threatening,75,1705,4.4
BE,No Outcome Reported,66,1705,3.87
BE,Other Serious,869,1705,50.97
BG,Death,99,564,17.55
BG,Disability,1,564,0.18
BG,Hospitalization,225,564,39.89
BG,Life-Threatening,33,564,5.85
BG,No Outcome Reported,14,564,2.48
BG,Other Serious,192,564,34.04
BR,Congenital Anomaly,14,10197,0.14
BR,Death,963,10197,9.44
BR,Disability,157,10197,1.54
BR,Hospitalization,2546,10197,24.97
BR,Life-Threatening,320,10197,3.14
BR,No Outcome Reported,891,10197,8.74
BR,Other Serious,5292,10197,51.9
BR,Required Intervention,14,10197,0.14
BY,Death,40,110,36.36
BY,Hospitalization,16,110,14.55
BY,Life-Threatening,16,110,14.55
BY,Other Serious,38,110,34.55
CA,Congenital Anomaly,291,87205,0.33
CA,Death,11562,87205,13.26
CA,Disability,754,87205,0.86
CA,Hospitalization,22777,87205,26.12
CA,Life-Threatening,3226,87205,3.7
CA,No Outcome Reported,3506,87205,4.02
CA,Other Serious,45074,87205,51.69
CA,Required Intervention,15,87205,0.02
CH,Congenital Anomaly,18,3675,0.49
CH,Death,387,3675,10.53
CH,Disability,32,3675,0.87
CH,Hospitalization,1168,3675,31.78
CH,Life-Threatening,221,3675,6.01
CH,No Outcome Reported,280,3675,7.62
CH,Other Serious,1568,3675,42.67
CH,Required Intervention,1,3675,0.03
CL,Congenital Anomaly,5,1502,0.33
CL,Death,146,1502,9.72
CL,Disability,21,1502,1.4
CL,Hospitalization,330,1502,21.97
CL,Life-Threatening,44,1502,2.93
CL,No Outcome Reported,400,1502,26.63
CL,Other Serious,554,1502,36.88
CL,Required Intervention,2,1502,0.13
CN,Congenital Anomaly,18,33964,0.05
CN,Death,2292,33964,6.75
CN,Disability,390,33964,1.15
CN,Hospitalization,12396,33964,36.5
CN,Life-Threatening,2467,33964,7.26
CN,No Outcome Reported,837,33964,2.46
CN,Other Serious,15559,33964,45.81
CN,Required Intervention,5,33964,0.01
CO,Death,870,7619,11.42
CO,Disability,65,7619,0.85
CO,Hospitalization,2657,7619,34.87
CO,Life-Threatening,192,7619,2.52
CO,No Outcome Reported,1817,7619,23.85
CO,Other Serious,2010,7619,26.38
CO,Required Intervention,8,7619,0.11
COUNTRY NOT SPECIFIED,Congenital Anomaly,15,2399,0.63
COUNTRY NOT SPECIFIED,Death,306,2399,12.76
COUNTRY NOT SPECIFIED,Disability,45,2399,1.88
COUNTRY NOT SPECIFIED,Hospitalization,847,2399,35.31
COUNTRY NOT SPECIFIED,Life-Threatening,199,2399,8.3
COUNTRY NOT SPECIFIED,No Outcome Reported,119,2399,4.96
COUNTRY NOT SPECIFIED,Other Serious,865,2399,36.06
COUNTRY NOT SPECIFIED,Required Intervention,3,2399,0.13
CR,Death,39,286,13.64
CR,Disability,14,286,4.9
CR,Hospitalization,54,286,18.88
CR,Life-Threatening,17,286,5.94
CR,No Outcome Reported,38,286,13.29
CR,Other Serious,123,286,43.01
CR,Required Intervention,1,286,0.35
CZ,Congenital Anomaly,8,1040,0.77
CZ,Death,104,1040,10.0
CZ,Disability,3,1040,0.29
CZ,Hospitalization,254,1040,24.42
CZ,Life-Threatening,111,1040,10.67
CZ,No Outcome Reported,38,1040,3.65
CZ,Other Serious,522,1040,50.19
DE,Congenital Anomaly,244,12550,1.94
DE,Death,1235,12550,9.84
DE,Disability,106,12550,0.84
DE,Hospitalization,4012,12550,31.97
DE,Life-Threatening,710,12550,5.66
DE,No Outcome Reported,1035,12550,8.25
DE,Other Serious,5207,12550,41.49
DE,Required Intervention,1,12550,0.01
DK,Congenital Anomaly,17,732,2.32
DK,Death,88,732,12.02
DK,Disability,27,732,3.69
DK,Hospitalization,217,732,29.64
DK,Life-Threatening,44,732,6.01
DK,No Outcome Reported,22,732,3.01
DK,Other Serious,317,732,43.31
DO,Death,54,221,24.43
DO,Disability,4,221,1.81
DO,Hospitalization,29,221,13.12
DO,Life-Threatening,3,221,1.36
DO,No Outcome Reported,84,221,38.01
DO,Other Serious,46,221,20.81
DO,Required Intervention,1,221,0.45
DZ,Death,53,166,31.93
DZ,Disability,1,166,0.6
DZ,Hospitalization,29,166,17.47
DZ,Life-Threatening,7,166,4.22
DZ,No Outcome Reported,3,166,1.81
DZ,Other Serious,73,166,43.98
EC,Death,19,114,16.67
EC,Disability,1,114,0.88
EC,Hospitalization,38,114,33.33
EC,Life-Threatening,7,114,6.14
EC,No Outcome Reported,5,114,4.39
EC,Other Serious,43,114,37.72
EC,Required Intervention,1,114,0.88
EG,Congenital Anomaly,4,1920,0.21
EG,Death,186,1920,9.69
EG,Disability,79,1920,4.11
EG,Hospitalization,547,1920,28.49
EG,Life-Threatening,154,1920,8.02
EG,No Outcome Reported,147,1920,7.66
EG,Other Serious,803,1920,41.82
ES,Congenital Anomaly,20,8279,0.24
ES,Death,1075,8279,12.98
ES,Disability,63,8279,0.76
ES,Hospitalization,2579,8279,31.15
ES,Life-Threatening,797,8279,9.63
ES,No Outcome Reported,304,8279,3.67
ES,Other Serious,3436,8279,41.5
ES,Required Intervention,5,8279,0.06
EU,Congenital Anomaly,506,87852,0.58
EU,Death,9894,87852,11.26
EU,Disability,1136,87852,1.29
EU,Hospitalization,28855,87852,32.85
EU,Life-Threatening,7045,87852,8.02
EU,No Outcome Reported,2387,87852,2.72
EU,Other Serious,38003,87852,43.26
EU,Required Intervention,26,87852,0.03
FI,Congenital Anomaly,4,584,0.68
FI,Death,59,584,10.1
FI,Disability,58,584,9.93
FI,Hospitalization,138,584,23.63
FI,Life-Threatening,47,584,8.05
FI,No Outcome Reported,34,584,5.82
FI,Other Serious,244,584,41.78
FR,Congenital Anomaly,373,24739,1.51
FR,Death,2597,24739,10.5
FR,Disability,288,24739,1.16
FR,Hospitalization,9920,24739,40.1
FR,Life-Threatening,1946,24739,7.87
FR,No Outcome Reported,999,24739,4.04
FR,Other Serious,8614,24739,34.82
FR,Required Intervention,2,24739,0.01
GB,Congenital Anomaly,167,56947,0.29
GB,Death,4225,56947,7.42
GB,Disability,3240,56947,5.69
GB,Hospitalization,11458,56947,20.12
GB,Life-Threatening,3464,56947,6.08
GB,No Outcome Reported,1973,56947,3.46
GB,Other Serious,32415,56947,56.92
GB,Required Intervention,5,56947,0.01
GR,Congenital Anomaly,1,1521,0.07
GR,Death,162,1521,10.65
GR,Disability,27,1521,1.78
GR,Hospitalization,354,1521,23.27
GR,Life-Threatening,66,1521,4.34
GR,No Outcome Reported,187,1521,12.29
GR,Other Serious,724,1521,47.6
GT,Death,55,199,27.64
GT,Disability,14,199,7.04
GT,Hospitalization,30,199,15.08
GT,Life-Threatening,2,199,1.01
GT,No Outcome Reported,42,199,21.11
GT,Other Serious,56,199,28.14
HK,Death,140,401,34.91
HK,Disability,4,401,1.0
HK,Hospitalization,62,401,15.46
HK,Life-Threatening,36,401,8.98
HK,No Outcome Reported,12,401,2.99
HK,Other Serious,147,401,36.66
HN,Death,29,177,16.38
HN,Disability,11,177,6.21
HN,Hospitalization,24,177,13.56
HN,Life-Threatening,4,177,2.26
HN,No Outcome Reported,63,177,35.59
HN,Other Serious,46,177,25.99
HR,Congenital Anomaly,2,717,0.28
HR,Death,52,717,7.25
HR,Disability,2,717,0.28
HR,Hospitalization,120,717,16.74
HR,Life-Threatening,50,717,6.97
HR,No Outcome Reported,10,717,1.39
HR,Other Serious,481,717,67.09
HU,Death,83,829,10.01
HU,Disability,12,829,1.45
HU,Hospitalization,150,829,18.09
HU,Life-Threatening,59,829,7.12
HU,No Outcome Reported,23,829,2.77
HU,Other Serious,502,829,60.55
ID,Death,310,724,42.82
ID,Disability,4,724,0.55
ID,Hospitalization,129,724,17.82
ID,Life-Threatening,33,724,4.56
ID,No Outcome Reported,9,724,1.24
ID,Other Serious,239,724,33.01
IE,Congenital Anomaly,5,1006,0.5
IE,Death,124,1006,12.33
IE,Disability,20,1006,1.99
IE,Hospitalization,316,1006,31.41
IE,Life-Threatening,40,1006,3.98
IE,No Outcome Reported,70,1006,6.96
IE,Other Serious,430,1006,42.74
IE,Required Intervention,1,1006,0.1
IL,Congenital Anomaly,12,2391,0.5
IL,Death,276,2391,11.54
IL,Disability,16,2391,0.67
IL,Hospitalization,745,2391,31.16
IL,Life-Threatening,98,2391,4.1
IL,No Outcome Reported,178,2391,7.44
IL,Other Serious,1064,2391,44.5
IL,Required Intervention,2,2391,0.08
IN,Congenital Anomaly,10,9390,0.11
IN,Death,2519,9390,26.83
IN,Disability,42,9390,0.45
IN,Hospitalization,2249,9390,23.95
IN,Life-Threatening,417,9390,4.44
IN,No Outcome Reported,210,9390,2.24
IN,Other Serious,3940,9390,41.96
IN,Required Intervention,3,9390,0.03
IQ,Death,26,106,24.53
IQ,Disability,1,106,0.94
IQ,Hospitalization,19,106,17.92
IQ,Life-Threatening,6,106,5.66
IQ,No Outcome Reported,2,106,1.89
IQ,Other Serious,51,106,48.11
IQ,Required Intervention,1,106,0.94
IR,Congenital Anomaly,6,695,0.86
IR,Death,129,695,18.56
IR,Disability,6,695,0.86
IR,Hospitalization,250,695,35.97
IR,Life-Threatening,65,695,9.35
IR,No Outcome Reported,48,695,6.91
IR,Other Serious,191,695,27.48
IT,Congenital Anomaly,39,8735,0.45
IT,Death,953,8735,10.91
IT,Disability,63,8735,0.72
IT,Hospitalization,2534,8735,29.01
IT,Life-Threatening,702,8735,8.04
IT,No Outcome Reported,341,8735,3.9
IT,Other Serious,4103,8735,46.97
JO,Death,35,160,21.88
JO,Disability,3,160,1.88
JO,Hospitalization,14,160,8.75
JO,Life-Threatening,5,160,3.12
JO,No Outcome Reported,27,160,16.88
JO,Other Serious,76,160,47.5
JP,Congenital Anomaly,27,55074,0.05
JP,Death,9801,55074,17.8
JP,Disability,254,55074,0.46
JP,Hospitalization,16908,55074,30.7
JP,Life-Threatening,2081,55074,3.78
JP,No Outcome Reported,2544,55074,4.62
JP,Other Serious,23445,55074,42.57
JP,Required Intervention,14,55074,0.03
KE,Death,92,146,63.01
KE,Hospitalization,17,146,11.64
KE,Life-Threatening,7,146,4.79
KE,No Outcome Reported,1,146,0.68
KE,Other Serious,29,146,19.86
KR,Congenital Anomaly,5,4869,0.1
KR,Death,767,4869,15.75
KR,Disability,89,4869,1.83
KR,Hospitalization,1184,4869,24.32
KR,Life-Threatening,124,4869,2.55
KR,No Outcome Reported,437,4869,8.98
KR,Other Serious,2263,4869,46.48
KW,Death,30,258,11.63
KW,Disability,6,258,2.33
KW,Hospitalization,69,258,26.74
KW,Life-Threatening,15,258,5.81
KW,No Outcome Reported,13,258,5.04
KW,Other Serious,125,258,48.45
KZ,Congenital Anomaly,1,111,0.9
KZ,Death,20,111,18.02
KZ,Hospitalization,14,111,12.61
KZ,Life-Threatening,3,111,2.7
KZ,No Outcome Reported,7,111,6.31
KZ,Other Serious,66,111,59.46
LB,Death,36,262,13.74
LB,Disability,2,262,0.76
LB,Hospitalization,60,262,22.9
LB,Life-Threatening,15,262,5.73
LB,No Outcome Reported,16,262,6.11
LB,Other Serious,131,262,50.0
LB,Required Intervention,2,262,0.76
LT,Death,28,140,20.0
LT,Disability,1,140,0.71
LT,Hospitalization,36,140,25.71
LT,Life-Threatening,11,140,7.86
LT,No Outcome Reported,4,140,2.86
LT,Other Serious,60,140,42.86
MA,Death,395,684,57.75
MA,Disability,4,684,0.58
MA,Hospitalization,86,684,12.57
MA,Life-Threatening,29,684,4.24
MA,No Outcome Reported,9,684,1.32
MA,Other Serious,161,684,23.54
MX,Congenital Anomaly,4,2525,0.16
MX,Death,498,2525,19.72
MX,Disability,58,2525,2.3
MX,Hospitalization,635,2525,25.15
MX,Life-Threatening,107,2525,4.24
MX,No Outcome Reported,149,2525,5.9
MX,Other Serious,1071,2525,42.42
MX,Required Intervention,3,2525,0.12
MY,Death,230,1044,22.03
MY,Disability,8,1044,0.77
MY,Hospitalization,216,1044,20.69
MY,Life-Threatening,53,1044,5.08
MY,No Outcome Reported,69,1044,6.61
MY,Other Serious,467,1044,44.73
MY,Required Intervention,1,1044,0.1
NL,Congenital Anomaly,26,2774,0.94
NL,Death,475,2774,17.12
NL,Disability,49,2774,1.77
NL,Hospitalization,740,2774,26.68
NL,Life-Threatening,242,2774,8.72
NL,No Outcome Reported,116,2774,4.18
NL,Other Serious,1124,2774,40.52
NL,Required Intervention,2,2774,0.07
NO,Congenital Anomaly,1,477,0.21
NO,Death,64,477,13.42
NO,Disability,22,477,4.61
NO,Hospitalization,144,477,30.19
NO,Life-Threatening,44,477,9.22
NO,No Outcome Reported,17,477,3.56
NO,Other Serious,185,477,38.78
NP,Congenital Anomaly,1,260,0.38
NP,Death,145,260,55.77
NP,Hospitalization,40,260,15.38
NP,Life-Threatening,34,260,13.08
NP,No Outcome Reported,3,260,1.15
NP,Other Serious,37,260,14.23
NZ,Congenital Anomaly,1,855,0.12
NZ,Death,151,855,17.66
NZ,Disability,28,855,3.27
NZ,Hospitalization,131,855,15.32
NZ,Life-Threatening,53,855,6.2
NZ,No Outcome Reported,35,855,4.09
NZ,Other Serious,455,855,53.22
NZ,Required Intervention,1,855,0.12
PA,Death,36,239,15.06
PA,Disability,6,239,2.51
PA,Hospitalization,34,239,14.23
PA,Life-Threatening,8,239,3.35
PA,No Outcome Reported,56,239,23.43
PA,Other Serious,99,239,41.42
PE,Death,58,453,12.8
PE,Disability,5,453,1.1
PE,Hospitalization,162,453,35.76
PE,Life-Threatening,13,453,2.87
PE,No Outcome Reported,12,453,2.65
PE,Other Serious,202,453,44.59
PE,Required Intervention,1,453,0.22
PH,Death,353,784,45.03
PH,Disability,2,784,0.26
PH,Hospitalization,175,784,22.32
PH,Life-Threatening,25,784,3.19
PH,No Outcome Reported,68,784,8.67
PH,Other Serious,161,784,20.54
PK,Congenital Anomaly,1,1397,0.07
PK,Death,661,1397,47.32
PK,Disability,8,1397,0.57
PK,Hospitalization,92,1397,6.59
PK,Life-Threatening,26,1397,1.86
PK,No Outcome Reported,10,1397,0.72
PK,Other Serious,597,1397,42.73
PK,Required Intervention,2,1397,0.14
PL,Congenital Anomaly,2,3521,0.06
PL,Death,334,3521,9.49
PL,Disability,19,3521,0.54
PL,Hospitalization,908,3521,25.79
PL,Life-Threatening,584,3521,16.59
PL,No Outcome Reported,51,3521,1.45
PL,Other Serious,1623,3521,46.09
PR,Congenital Anomaly,1,1898,0.05
PR,Death,132,1898,6.95
PR,Disability,3,1898,0.16
PR,Hospitalization,381,1898,20.07
PR,Life-Threatening,33,1898,1.74
PR,No Outcome Reported,981,1898,51.69
PR,Other Serious,362,1898,19.07
PR,Required Intervention,5,1898,0.26
PT,Congenital Anomaly,5,3076,0.16
PT,Death,333,3076,10.83
PT,Disability,99,3076,3.22
PT,Hospitalization,734,3076,23.86
PT,Life-Threatening,236,3076,7.67
PT,No Outcome Reported,43,3076,1.4
PT,Other Serious,1626,3076,52.86
QA,Death,17,211,8.06
QA,Hospitalization,64,211,30.33
QA,Life-Threatening,39,211,18.48
QA,No Outcome Reported,4,211,1.9
QA,Other Serious,87,211,41.23
RO,Congenital Anomaly,1,995,0.1
RO,Death,160,995,16.08
RO,Disability,4,995,0.4
RO,Hospitalization,220,995,22.11
RO,Life-Threatening,58,995,5.83
RO,No Outcome Reported,19,995,1.91
RO,Other Serious,533,995,53.57
RS,Congenital Anomaly,1,501,0.2
RS,Death,101,501,20.16
RS,Hospitalization,127,501,25.35
RS,Life-Threatening,16,501,3.19
RS,No Outcome Reported,11,501,2.2
RS,Other Serious,245,501,48.9
RU,Congenital Anomaly,2,3119,0.06
RU,Death,629,3119,20.17
RU,Disability,18,3119,0.58
RU,Hospitalization,550,3119,17.63
RU,Life-Threatening,172,3119,5.51
RU,No Outcome Reported,80,3119,2.56
RU,Other Serious,1652,3119,52.97
RU,Required Intervention,16,3119,0.51
SA,Congenital Anomaly,1,1138,0.09
SA,Death,114,1138,10.02
SA,Disability,8,1138,0.7
SA,Hospitalization,360,1138,31.63
SA,Life-Threatening,83,1138,7.29
SA,No Outcome Reported,66,1138,5.8
SA,Other Serious,506,1138,44.46
SE,Congenital Anomaly,11,2070,0.53
SE,Death,132,2070,6.38
SE,Disability,120,2070,5.8
SE,Hospitalization,897,2070,43.33
SE,Life-Threatening,129,2070,6.23
SE,No Outcome Reported,49,2070,2.37
SE,Other Serious,731,2070,35.31
SE,Required Intervention,1,2070,0.05
SG,Death,362,1405,25.77
SG,Disability,6,1405,0.43
SG,Hospitalization,250,1405,17.79
SG,Life-Threatening,40,1405,2.85
SG,No Outcome Reported,32,1405,2.28
SG,Other Serious,715,1405,50.89
SI,Death,53,344,15.41
SI,Disability,3,344,0.87
SI,Hospitalization,80,344,23.26
SI,Life-Threatening,19,344,5.52
SI,No Outcome Reported,13,344,3.78
SI,Other Serious,176,344,51.16
SK,Death,74,476,15.55
SK,Disability,1,476,0.21
SK,Hospitalization,115,476,24.16
SK,Life-Threatening,21,476,4.41
SK,No Outcome Reported,5,476,1.05
SK,Other Serious,260,476,54.62
TH,Death,401,1338,29.97
TH,Disability,1,1338,0.07
TH,Hospitalization,328,1338,24.51
TH,Life-Threatening,32,1338,2.39
TH,No Outcome Reported,93,1338,6.95
TH,Other Serious,483,1338,36.1
TN,Congenital Anomaly,1,349,0.29
TN,Death,52,349,14.9
TN,Disability,2,349,0.57
TN,Hospitalization,79,349,22.64
TN,Life-Threatening,29,349,8.31
TN,No Outcome Reported,5,349,1.43
TN,Other Serious,181,349,51.86
TR,Congenital Anomaly,26,4216,0.62
TR,Death,526,4216,12.48
TR,Disability,21,4216,0.5
TR,Hospitalization,858,4216,20.35
TR,Life-Threatening,220,4216,5.22
TR,No Outcome Reported,444,4216,10.53
TR,Other Serious,2120,4216,50.28
TR,Required Intervention,1,4216,0.02
TW,Congenital Anomaly,2,2721,0.07
TW,Death,716,2721,26.31
TW,Disability,10,2721,0.37
TW,Hospitalization,754,2721,27.71
TW,Life-Threatening,143,2721,5.26
TW,No Outcome Reported,140,2721,5.15
TW,Other Serious,955,2721,35.1
TW,Required Intervention,1,2721,0.04
UA,Death,90,262,34.35
UA,Disability,1,262,0.38
UA,Hospitalization,35,262,13.36
UA,Life-Threatening,17,262,6.49
UA,No Outcome Reported,5,262,1.91
UA,Other Serious,114,262,43.51
US,Congenital Anomaly,294,972239,0.03
US,Death,47325,972239,4.87
US,Disability,4605,972239,0.47
US,Hospitalization,108274,972239,11.14
US,Life-Threatening,12246,972239,1.26
US,No Outcome Reported,622322,972239,64.01
US,Other Serious,175144,972239,18.01
US,Required Intervention,2029,972239,0.21
UY,Death,17,245,6.94
UY,Disability,1,245,0.41
UY,Hospitalization,77,245,31.43
UY,Life-Threatening,7,245,2.86
UY,No Outcome Reported,44,245,17.96
UY,Other Serious,98,245,40.0
UY,Required Intervention,1,245,0.41
VE,Death,27,134,20.15
VE,Hospitalization,21,134,15.67
VE,Life-Threatening,11,134,8.21
VE,No Outcome Reported,3,134,2.24
VE,Other Serious,72,134,53.73
VN,Death,289,929,31.11
VN,Hospitalization,175,929,18.84
VN,Life-Threatening,73,929,7.86
VN,No Outcome Reported,21,929,2.26
VN,Other Serious,371,929,39.94
ZA,Congenital Anomaly,56,3869,1.45
ZA,Death,658,3869,17.01
ZA,Disability,20,3869,0.52
ZA,Hospitalization,1243,3869,32.13
ZA,Life-Threatening,68,3869,1.76
ZA,No Outcome Reported,51,3869,1.32
ZA,Other Serious,1772,3869,45.8
ZA,Required Intervention,1,3869,0.03
