drugname,total_reports,death_rate_pct,outcome,report_count
DUPIXENT,125677.0,0.38,Congenital Anomaly,7.0
VEDOLIZUMAB,48278.0,1.29,Congenital Anomaly,6.0
ZEPBOUND,30098.0,0.17,Congenital Anomaly,2.0
MOUNJARO,27901.0,1.0,Congenital Anomaly,15.0
SKYRIZI,19963.0,3.63,Congenital Anomaly,12.0
RINVOQ,15046.0,4.11,Congenital Anomaly,3.0
OZEMPIC,14766.0,1.32,Congenital Anomaly,3.0
REVLIMID,13432.0,5.59,Congenital Anomaly,1.0
HUMIRA,11402.0,6.37,Congenital Anomaly,10.0
LENALIDOMIDE,10962.0,7.48,Congenital Anomaly,3.0
GENOTROPIN,10000.0,0.21,Congenital Anomaly,1.0
HUMAN IMMUNOGLOBULIN G,9696.0,6.1,Congenital Anomaly,6.0
RITUXIMAB,8373.0,16.31,Congenital Anomaly,34.0
ORENCIA,8264.0,4.5,Congenital Anomaly,91.0
DAPAGLIFLOZIN,8019.0,38.38,Congenital Anomaly,1.0
CIMZIA,7893.0,2.53,Congenital Anomaly,15.0
ACETAMINOPHEN,7539.0,23.89,Congenital Anomaly,59.0
ALBUTEROL SULFATE,7409.0,0.2,Congenital Anomaly,1.0
METHOTREXATE,7236.0,10.95,Congenital Anomaly,18.0
ELIQUIS,6716.0,14.55,Congenital Anomaly,3.0
PREDNISONE,6660.0,14.35,Congenital Anomaly,11.0
SPRAVATO,6469.0,2.41,Congenital Anomaly,1.0
COSENTYX,6172.0,7.29,Congenital Anomaly,11.0
JAKAFI,6171.0,7.08,Congenital Anomaly,1.0
MYCOPHENOLATE MOFETIL,5676.0,14.62,Congenital Anomaly,2.0
CARBOPLATIN,5619.0,12.01,Congenital Anomaly,3.0
TISLELIZUMAB,5583.0,0.52,Congenital Anomaly,2.0
NUCALA,5563.0,2.12,Congenital Anomaly,7.0
ADALIMUMAB,5417.0,12.04,Congenital Anomaly,25.0
WEGOVY,5276.0,0.66,Congenital Anomaly,4.0
XELJANZ XR,5243.0,1.64,Congenital Anomaly,2.0
TACROLIMUS,5147.0,12.98,Congenital Anomaly,10.0
XOLAIR,5086.0,0.92,Congenital Anomaly,1.0
TYLENOL,4981.0,0.92,Congenital Anomaly,5.0
INFLIXIMAB,4638.0,4.05,Congenital Anomaly,13.0
OCREVUS,4572.0,2.01,Congenital Anomaly,9.0
BENLYSTA,4541.0,0.7,Congenital Anomaly,1.0
FINASTERIDE,4420.0,2.17,Congenital Anomaly,1.0
SIMPONI,4419.0,1.45,Congenital Anomaly,2.0
LEVETIRACETAM,4253.0,4.21,Congenital Anomaly,199.0
CREON,4211.0,9.4,Congenital Anomaly,2.0
KEVZARA,4207.0,1.85,Congenital Anomaly,1.0
KESIMPTA,4162.0,1.59,Congenital Anomaly,16.0
IBUPROFEN,4159.0,4.3,Congenital Anomaly,17.0
CLOZAPINE,4085.0,14.91,Congenital Anomaly,4.0
ULTOMIRIS,4018.0,9.81,Congenital Anomaly,1.0
HUMALOG,3909.0,0.72,Congenital Anomaly,2.0
INFLECTRA,3898.0,1.56,Congenital Anomaly,3.0
DEXAMETHASONE,3854.0,12.9,Congenital Anomaly,1.0
STELARA,3850.0,1.97,Congenital Anomaly,11.0
METFORMIN,3812.0,10.49,Congenital Anomaly,16.0
MIRENA,3573.0,0.11,Congenital Anomaly,1.0
SERTRALINE,3456.0,5.15,Congenital Anomaly,69.0
TYSABRI,3410.0,4.19,Congenital Anomaly,6.0
OXALIPLATIN,3388.0,10.24,Congenital Anomaly,6.0
REMICADE,3329.0,3.09,Congenital Anomaly,6.0
CERTOLIZUMAB PEGOL,3308.0,2.33,Congenital Anomaly,7.0
OSIMERTINIB,3302.0,40.31,Congenital Anomaly,1.0
ENBREL,3258.0,5.22,Congenital Anomaly,3.0
PREGABALIN,3136.0,11.19,Congenital Anomaly,16.0
GABAPENTIN,2974.0,10.02,Congenital Anomaly,6.0
ALBUTEROL,2973.0,2.76,Congenital Anomaly,4.0
PEMBROLIZUMAB,2938.0,12.76,Congenital Anomaly,1.0
BOTOX,2931.0,10.92,Congenital Anomaly,4.0
METHOTREXATE SODIUM,2898.0,4.87,Congenital Anomaly,7.0
AMLODIPINE,2835.0,9.1,Congenital Anomaly,8.0
OLANZAPINE,2817.0,7.06,Congenital Anomaly,25.0
ACTEMRA,2749.0,9.6,Congenital Anomaly,4.0
PREDNISOLONE,2629.0,12.02,Congenital Anomaly,4.0
PACLITAXEL,2521.0,7.3,Congenital Anomaly,5.0
SOLIRIS,2420.0,17.27,Congenital Anomaly,1.0
ARIPIPRAZOLE,2377.0,7.15,Congenital Anomaly,17.0
FENFLURAMINE,2373.0,0.0,Congenital Anomaly,7.0
XOLAIR PFS,2373.0,1.31,Congenital Anomaly,1.0
CYCLOSPORINE,2357.0,14.59,Congenital Anomaly,5.0
CYCLOPHOSPHAMIDE,2341.0,15.85,Congenital Anomaly,7.0
ESTRADIOL,2341.0,0.21,Congenital Anomaly,3.0
APIXABAN,2291.0,11.35,Congenital Anomaly,4.0
JARDIANCE,2227.0,4.63,Congenital Anomaly,1.0
TRASTUZUMAB,2222.0,10.08,Congenital Anomaly,5.0
ISOTRETINOIN,2203.0,0.59,Congenital Anomaly,6.0
ENHERTU,2176.0,28.86,Congenital Anomaly,1.0
BENRALIZUMAB,2172.0,16.57,Congenital Anomaly,1.0
QUETIAPINE,2140.0,10.75,Congenital Anomaly,35.0
VYEPTI,2122.0,0.85,Congenital Anomaly,4.0
MAVENCLAD,2062.0,1.36,Congenital Anomaly,12.0
FASENRA,2002.0,7.14,Congenital Anomaly,1.0
ENTYVIO,1964.0,2.19,Congenital Anomaly,6.0
TEZSPIRE,1877.0,3.62,Congenital Anomaly,2.0
RISANKIZUMAB,1837.0,0.49,Congenital Anomaly,2.0
VENLAFAXINE,1767.0,9.68,Congenital Anomaly,62.0
ZOLEDRONIC ACID,1759.0,4.43,Congenital Anomaly,8.0
DOXORUBICIN,1755.0,16.18,Congenital Anomaly,1.0
VANCOMYCIN,1687.0,17.49,Congenital Anomaly,1.0
DOCETAXEL,1667.0,13.5,Congenital Anomaly,7.0
LAMOTRIGINE,1650.0,7.52,Congenital Anomaly,48.0
RAMIPRIL,1647.0,1.52,Congenital Anomaly,9.0
LEQVIO,1632.0,3.37,Congenital Anomaly,1.0
LETROZOLE,1626.0,5.47,Congenital Anomaly,1.0
STRENSIQ,1598.0,1.44,Congenital Anomaly,2.0
DICLOFENAC,1596.0,15.23,Congenital Anomaly,14.0
DOXYCYCLINE,1569.0,5.8,Congenital Anomaly,2.0
OMEPRAZOLE,1568.0,4.85,Congenital Anomaly,10.0
FLUOROURACIL,1554.0,7.79,Congenital Anomaly,3.0
CITALOPRAM,1532.0,50.39,Congenital Anomaly,22.0
TRAMADOL,1519.0,19.42,Congenital Anomaly,4.0
AIMOVIG,1516.0,5.08,Congenital Anomaly,4.0
RUXIENCE,1516.0,6.73,Congenital Anomaly,2.0
HYRIMOZ,1496.0,4.75,Congenital Anomaly,2.0
PANTOPRAZOLE,1494.0,7.97,Congenital Anomaly,15.0
AZITHROMYCIN,1491.0,7.65,Congenital Anomaly,6.0
SYMBICORT,1466.0,1.36,Congenital Anomaly,6.0
RUXOLITINIB,1452.0,15.36,Congenital Anomaly,2.0
AMOXICILLIN,1415.0,2.47,Congenital Anomaly,1.0
XARELTO,1396.0,5.87,Congenital Anomaly,2.0
TRUVADA,1388.0,0.5,Congenital Anomaly,1.0
ALPRAZOLAM,1387.0,19.83,Congenital Anomaly,1.0
VELAGLUCERASE ALFA,1383.0,4.77,Congenital Anomaly,4.0
AVASTIN,1383.0,28.2,Congenital Anomaly,1.0
TRIKAFTA,1375.0,2.55,Congenital Anomaly,8.0
AVONEX,1343.0,3.87,Congenital Anomaly,1.0
SYNTHROID,1317.0,21.94,Congenital Anomaly,2.0
RISPERIDONE,1313.0,5.86,Congenital Anomaly,4.0
FARXIGA,1309.0,18.26,Congenital Anomaly,1.0
MIRTAZAPINE,1305.0,10.27,Congenital Anomaly,7.0
OMALIZUMAB,1303.0,1.23,Congenital Anomaly,3.0
DUPILUMAB,1278.0,2.27,Congenital Anomaly,1.0
WINREVAIR,1261.0,3.89,Congenital Anomaly,1.0
AJOVY,1238.0,1.45,Congenital Anomaly,4.0
EZETIMIBE,1236.0,1.54,Congenital Anomaly,1.0
DIAZEPAM,1186.0,13.49,Congenital Anomaly,1.0
NIVOLUMAB,1177.0,14.19,Congenital Anomaly,1.0
BUPRENORPHINE,1174.0,33.65,Congenital Anomaly,6.0
TECFIDERA,1163.0,2.06,Congenital Anomaly,2.0
FINTEPLA,1162.0,1.98,Congenital Anomaly,4.0
RISPERDAL,1151.0,1.91,Congenital Anomaly,2.0
"DEXTROAMPHETAMINE SACCHARATE, AMPHETAMINE ASPARTATE, DEXTROAMPHETAMINE SULFATE AND AMPHETAMINE SULFATE",1140.0,13.6,Congenital Anomaly,1.0
NOVOLOG,1120.0,4.73,Congenital Anomaly,1.0
AMIODARONE,1095.0,9.86,Congenital Anomaly,1.0
ZEPOSIA,1088.0,2.02,Congenital Anomaly,1.0
METRONIDAZOLE,1085.0,6.45,Congenital Anomaly,6.0
FUROSEMIDE,1073.0,7.92,Congenital Anomaly,1.0
QUETIAPINE FUMARATE,1063.0,12.23,Congenital Anomaly,4.0
KEPPRA,1053.0,1.52,Congenital Anomaly,12.0
OXYCONTIN,1053.0,24.98,Congenital Anomaly,7.0
ESCITALOPRAM,1052.0,7.51,Congenital Anomaly,3.0
DUPIXENT,125677.0,0.38,Death,475.0
VEDOLIZUMAB,48278.0,1.29,Death,624.0
ZEPBOUND,30098.0,0.17,Death,51.0
MOUNJARO,27901.0,1.0,Death,278.0
SKYRIZI,19963.0,3.63,Death,725.0
RINVOQ,15046.0,4.11,Death,618.0
ORGOVYX,14813.0,2.85,Death,422.0
OZEMPIC,14766.0,1.32,Death,195.0
REVLIMID,13432.0,5.59,Death,751.0
HUMIRA,11402.0,6.37,Death,726.0
LENALIDOMIDE,10962.0,7.48,Death,820.0
NUPLAZID,10582.0,19.22,Death,2034.0
BIMZELX,10225.0,0.4,Death,41.0
GENOTROPIN,10000.0,0.21,Death,21.0
HUMAN IMMUNOGLOBULIN G,9696.0,6.1,Death,591.0
POMALYST,8464.0,7.44,Death,630.0
RITUXIMAB,8373.0,16.31,Death,1366.0
ORENCIA,8264.0,4.5,Death,372.0
DAPAGLIFLOZIN,8019.0,38.38,Death,3078.0
CIMZIA,7893.0,2.53,Death,200.0
KEYTRUDA,7675.0,19.4,Death,1489.0
ACETAMINOPHEN,7539.0,23.89,Death,1801.0
ALBUTEROL SULFATE,7409.0,0.2,Death,15.0
TEDUGLUTIDE,7346.0,6.34,Death,466.0
METHOTREXATE,7236.0,10.95,Death,792.0
NEMLUVIO,6946.0,0.71,Death,49.0
REPATHA,6903.0,2.65,Death,183.0
ELIQUIS,6716.0,14.55,Death,977.0
PREDNISONE,6660.0,14.35,Death,956.0
TYVASO DPI,6498.0,2.91,Death,189.0
SPRAVATO,6469.0,2.41,Death,156.0
LANTUS SOLOSTAR,6408.0,0.17,Death,11.0
CORTICOTROPIN,6358.0,1.65,Death,105.0
TYMLOS,6287.0,1.26,Death,79.0
COSENTYX,6172.0,7.29,Death,450.0
JAKAFI,6171.0,7.08,Death,437.0
REMODULIN,5964.0,4.64,Death,277.0
ELIGARD,5844.0,14.25,Death,833.0
TREMFYA,5681.0,1.25,Death,71.0
MYCOPHENOLATE MOFETIL,5676.0,14.62,Death,830.0
CARBOPLATIN,5619.0,12.01,Death,675.0
TISLELIZUMAB,5583.0,0.52,Death,29.0
NUCALA,5563.0,2.12,Death,118.0
ADALIMUMAB,5417.0,12.04,Death,652.0
WEGOVY,5276.0,0.66,Death,35.0
XELJANZ XR,5243.0,1.64,Death,86.0
CABOMETYX,5233.0,5.03,Death,263.0
IBRANCE,5179.0,10.74,Death,556.0
TACROLIMUS,5147.0,12.98,Death,668.0
XOLAIR,5086.0,0.92,Death,47.0
TYLENOL,4981.0,0.92,Death,46.0
INFLIXIMAB,4638.0,4.05,Death,188.0
OCREVUS,4572.0,2.01,Death,92.0
BENLYSTA,4541.0,0.7,Death,32.0
ATORVASTATIN,4512.0,3.81,Death,172.0
FINASTERIDE,4420.0,2.17,Death,96.0
SIMPONI,4419.0,1.45,Death,64.0
CLOZARIL,4413.0,20.24,Death,893.0
TRULICITY,4339.0,1.06,Death,46.0
LEVETIRACETAM,4253.0,4.21,Death,179.0
CREON,4211.0,9.4,Death,396.0
KEVZARA,4207.0,1.85,Death,78.0
HUMAN IMMUNOGLOBULIN G\HYALURONIDASE RECOMBINANT HUMAN,4183.0,6.65,Death,278.0
KESIMPTA,4162.0,1.59,Death,66.0
IBUPROFEN,4159.0,4.3,Death,179.0
TYVASO,4114.0,6.27,Death,258.0
CLOZAPINE,4085.0,14.91,Death,609.0
ULTOMIRIS,4018.0,9.81,Death,394.0
HUMALOG,3909.0,0.72,Death,28.0
INFLECTRA,3898.0,1.56,Death,61.0
DEXAMETHASONE,3854.0,12.9,Death,497.0
STELARA,3850.0,1.97,Death,76.0
METFORMIN,3812.0,10.49,Death,400.0
BEVACIZUMAB,3700.0,19.68,Death,728.0
CARBIDOPA\LEVODOPA,3658.0,33.41,Death,1222.0
MIRENA,3573.0,0.11,Death,4.0
VENCLEXTA,3493.0,30.52,Death,1066.0
PLUVICTO,3478.0,9.03,Death,314.0
SERTRALINE,3456.0,5.15,Death,178.0
TYSABRI,3410.0,4.19,Death,143.0
OXALIPLATIN,3388.0,10.24,Death,347.0
REMICADE,3329.0,3.09,Death,103.0
CERTOLIZUMAB PEGOL,3308.0,2.33,Death,77.0
OXERVATE,3307.0,0.91,Death,30.0
OSIMERTINIB,3302.0,40.31,Death,1331.0
PARAGARD T 380A,3287.0,0.09,Death,3.0
EMGALITY,3277.0,0.18,Death,6.0
ENBREL,3258.0,5.22,Death,170.0
LENVIMA,3245.0,6.59,Death,214.0
TRELEGY ELLIPTA,3151.0,4.79,Death,151.0
PREGABALIN,3136.0,11.19,Death,351.0
ORENITRAM,3128.0,2.43,Death,76.0
OMNITROPE,3053.0,0.39,Death,12.0
GABAPENTIN,2974.0,10.02,Death,298.0
ALBUTEROL,2973.0,2.76,Death,82.0
XYWAV,2945.0,0.54,Death,16.0
PEMBROLIZUMAB,2938.0,12.76,Death,375.0
BOTOX,2931.0,10.92,Death,320.0
EPIDIOLEX,2929.0,16.32,Death,478.0
METHOTREXATE SODIUM,2898.0,4.87,Death,141.0
PROLIA,2872.0,17.79,Death,511.0
TALTZ,2840.0,1.65,Death,47.0
AMLODIPINE,2835.0,9.1,Death,258.0
BREZTRI,2817.0,4.54,Death,128.0
OLANZAPINE,2817.0,7.06,Death,199.0
FILSPARI,2784.0,0.54,Death,15.0
XELJANZ,2776.0,3.42,Death,95.0
OPDIVO,2760.0,20.54,Death,567.0
ACTEMRA,2749.0,9.6,Death,264.0
IMBRUVICA,2741.0,16.6,Death,455.0
DAYBUE,2733.0,0.51,Death,14.0
FOSCARBIDOPA\FOSLEVODOPA,2718.0,17.26,Death,469.0
OFEV,2673.0,19.72,Death,527.0
OTEZLA,2672.0,2.17,Death,58.0
PAXLOVID,2663.0,1.35,Death,36.0
KISQALI,2661.0,11.39,Death,303.0
PREDNISOLONE,2629.0,12.02,Death,316.0
VERZENIO,2613.0,4.4,Death,115.0
PACLITAXEL,2521.0,7.3,Death,184.0
BIMEKIZUMAB,2512.0,1.07,Death,27.0
AYVAKIT,2423.0,2.02,Death,49.0
SOLIRIS,2420.0,17.27,Death,418.0
LUPKYNIS,2417.0,0.37,Death,9.0
ARIPIPRAZOLE,2377.0,7.15,Death,170.0
XOLAIR PFS,2373.0,1.31,Death,31.0
HEMLIBRA,2360.0,4.19,Death,99.0
CYCLOSPORINE,2357.0,14.59,Death,344.0
DURVALUMAB,2353.0,39.91,Death,939.0
CONTRAVE,2350.0,0.09,Death,2.0
CYCLOPHOSPHAMIDE,2341.0,15.85,Death,371.0
ESTRADIOL,2341.0,0.21,Death,5.0
APIXABAN,2291.0,11.35,Death,260.0
JARDIANCE,2227.0,4.63,Death,103.0
TRASTUZUMAB,2222.0,10.08,Death,224.0
ISOTRETINOIN,2203.0,0.59,Death,13.0
DEPO-PROVERA,2177.0,0.46,Death,10.0
ENHERTU,2176.0,28.86,Death,628.0
IMFINZI,2176.0,34.19,Death,744.0
BENRALIZUMAB,2172.0,16.57,Death,360.0
QUETIAPINE,2140.0,10.75,Death,230.0
IDURSULFASE,2127.0,6.96,Death,148.0
VYEPTI,2122.0,0.85,Death,18.0
VUMERITY,2119.0,3.82,Death,81.0
FENTANYL,2104.0,55.23,Death,1162.0
TECENTRIQ,2103.0,37.33,Death,785.0
NEULASTA,2081.0,1.2,Death,25.0
MAVENCLAD,2062.0,1.36,Death,28.0
ADVATE,2049.0,0.54,Death,11.0
OLAPARIB,2023.0,23.63,Death,478.0
CAPECITABINE,2020.0,13.76,Death,278.0
TOLVAPTAN,2018.0,11.5,Death,232.0
PONATINIB,2014.0,13.46,Death,271.0
ROSUVASTATIN,2013.0,1.79,Death,36.0
EVENITY,2012.0,4.08,Death,82.0
FASENRA,2002.0,7.14,Death,143.0
VENETOCLAX,1977.0,21.24,Death,420.0
ICATIBANT,1974.0,0.61,Death,12.0
TAGRISSO,1968.0,19.16,Death,377.0
ENTYVIO,1964.0,2.19,Death,43.0
FRUQUINTINIB,1961.0,36.82,Death,722.0
CARVYKTI,1932.0,9.11,Death,176.0
VYNDAMAX,1916.0,28.81,Death,552.0
TEZSPIRE,1877.0,3.62,Death,68.0
BUDESONIDE\FORMOTEROL\GLYCOPYRRONIUM,1858.0,63.83,Death,1186.0
XCOPRI,1841.0,1.9,Death,35.0
RISANKIZUMAB,1837.0,0.49,Death,9.0
ADBRY,1826.0,1.48,Death,27.0
ACALABRUTINIB,1816.0,12.44,Death,226.0
CIPROFLOXACIN,1788.0,4.19,Death,75.0
LANADELUMAB,1781.0,2.41,Death,43.0
VENLAFAXINE,1767.0,9.68,Death,171.0
ZOLEDRONIC ACID,1759.0,4.43,Death,78.0
DOXORUBICIN,1755.0,16.18,Death,284.0
OPSUMIT,1746.0,14.09,Death,246.0
BORTEZOMIB,1719.0,13.21,Death,227.0
TREPROSTINIL,1706.0,15.47,Death,264.0
HIZENTRA,1703.0,7.93,Death,135.0
BASAGLAR,1687.0,0.47,Death,8.0
VANCOMYCIN,1687.0,17.49,Death,295.0
YERVOY,1676.0,29.12,Death,488.0
DOCETAXEL,1667.0,13.5,Death,225.0
AMBRISENTAN,1666.0,15.13,Death,252.0
VOLTAREN ARTHRITIS PAIN,1659.0,0.66,Death,11.0
LAMOTRIGINE,1650.0,7.52,Death,124.0
RAMIPRIL,1647.0,1.52,Death,25.0
LEQVIO,1632.0,3.37,Death,55.0
LETROZOLE,1626.0,5.47,Death,89.0
MEPOLIZUMAB,1619.0,7.6,Death,123.0
GLASSIA,1608.0,7.15,Death,115.0
PADCEV,1605.0,19.0,Death,305.0
STRENSIQ,1598.0,1.44,Death,23.0
DICLOFENAC,1596.0,15.23,Death,243.0
VABYSMO,1590.0,10.63,Death,169.0
MIRALAX,1578.0,0.38,Death,6.0
DOXYCYCLINE,1569.0,5.8,Death,91.0
OMEPRAZOLE,1568.0,4.85,Death,76.0
TAVNEOS,1563.0,12.8,Death,200.0
FLUOROURACIL,1554.0,7.79,Death,121.0
PALYNZIQ,1540.0,0.32,Death,5.0
CITALOPRAM,1532.0,50.39,Death,772.0
OXYCODONE HYDROCHLORIDE,1528.0,23.17,Death,354.0
CLOPIDOGREL,1527.0,10.67,Death,163.0
TRAMADOL,1519.0,19.42,Death,295.0
COBENFY,1518.0,1.25,Death,19.0
AIMOVIG,1516.0,5.08,Death,77.0
RUXIENCE,1516.0,6.73,Death,102.0
GEMTESA,1500.0,6.07,Death,91.0
LEQEMBI,1498.0,4.74,Death,71.0
HYRIMOZ,1496.0,4.75,Death,71.0
PANTOPRAZOLE,1494.0,7.97,Death,119.0
AZITHROMYCIN,1491.0,7.65,Death,114.0
CABENUVA,1477.0,1.9,Death,28.0
ENTRESTO,1470.0,8.84,Death,130.0
SYMBICORT,1466.0,1.36,Death,20.0
GEMCITABINE,1465.0,13.24,Death,194.0
FULVESTRANT,1456.0,14.08,Death,205.0
RUXOLITINIB,1452.0,15.36,Death,223.0
KISUNLA,1445.0,2.21,Death,32.0
CAMZYOS,1416.0,2.97,Death,42.0
AMOXICILLIN,1415.0,2.47,Death,35.0
VYALEV,1402.0,7.85,Death,110.0
XARELTO,1396.0,5.87,Death,82.0
IXAZOMIB,1393.0,21.32,Death,297.0
TRUVADA,1388.0,0.5,Death,7.0
ALPRAZOLAM,1387.0,19.83,Death,275.0
VELAGLUCERASE ALFA,1383.0,4.77,Death,66.0
AVASTIN,1383.0,28.2,Death,390.0
CAPLYTA,1381.0,0.94,Death,13.0
TRIKAFTA,1375.0,2.55,Death,35.0
UBLITUXIMAB,1364.0,0.81,Death,11.0
INVEGA SUSTENNA,1358.0,1.25,Death,17.0
AVONEX,1343.0,3.87,Death,52.0
BOTOX COSMETIC,1339.0,0.07,Death,1.0
RYBREVANT,1334.0,7.12,Death,95.0
RILPIVIRINE,1332.0,1.05,Death,14.0
NEXPLANON,1326.0,0.15,Death,2.0
LUMRYZ,1319.0,0.15,Death,2.0
SYNTHROID,1317.0,21.94,Death,289.0
HEMANGEOL,1313.0,0.08,Death,1.0
RISPERIDONE,1313.0,5.86,Death,77.0
FARXIGA,1309.0,18.26,Death,239.0
MIRTAZAPINE,1305.0,10.27,Death,134.0
OMALIZUMAB,1303.0,1.23,Death,16.0
QINLOCK,1302.0,6.37,Death,83.0
LEVOFLOXACIN,1299.0,5.47,Death,71.0
LYNPARZA,1294.0,13.6,Death,176.0
DUPILUMAB,1278.0,2.27,Death,29.0
TAVALISSE,1269.0,6.78,Death,86.0
WINREVAIR,1261.0,3.89,Death,49.0
LANTUS,1259.0,0.64,Death,8.0
LINEZOLID,1257.0,9.86,Death,124.0
TADALAFIL,1251.0,11.99,Death,150.0
TERIPARATIDE,1238.0,3.23,Death,40.0
AJOVY,1238.0,1.45,Death,18.0
EZETIMIBE,1236.0,1.54,Death,19.0
VOQUEZNA,1229.0,2.69,Death,33.0
IMATINIB,1227.0,7.25,Death,89.0
XDEMVY,1200.0,0.75,Death,9.0
XYREM,1191.0,0.42,Death,5.0
DIAZEPAM,1186.0,13.49,Death,160.0
QSYMIA,1182.0,0.25,Death,3.0
NIVOLUMAB,1177.0,14.19,Death,167.0
UPADACITINIB,1177.0,1.44,Death,17.0
BUPRENORPHINE,1174.0,33.65,Death,395.0
TECFIDERA,1163.0,2.06,Death,24.0
FINTEPLA,1162.0,1.98,Death,23.0
PEMETREXED,1158.0,14.16,Death,164.0
RISPERDAL,1151.0,1.91,Death,22.0
ACTEMRA ACTPEN,1150.0,4.87,Death,56.0
ETOPOSIDE,1149.0,22.63,Death,260.0
TEZEPELUMAB,1146.0,13.44,Death,154.0
"DEXTROAMPHETAMINE SACCHARATE, AMPHETAMINE ASPARTATE, DEXTROAMPHETAMINE SULFATE AND AMPHETAMINE SULFATE",1140.0,13.6,Death,155.0
ARIKAYCE,1125.0,14.04,Death,158.0
RYBELSUS,1122.0,2.85,Death,32.0
NOVOLOG,1120.0,4.73,Death,53.0
XPHOZAH,1117.0,15.85,Death,177.0
ERLEADA,1113.0,10.87,Death,121.0
LENVATINIB,1111.0,8.91,Death,99.0
BRUKINSA,1101.0,8.9,Death,98.0
AMIODARONE,1095.0,9.86,Death,108.0
ZEPOSIA,1088.0,2.02,Death,22.0
METRONIDAZOLE,1085.0,6.45,Death,70.0
OPZELURA,1079.0,0.09,Death,1.0
FUROSEMIDE,1073.0,7.92,Death,85.0
ZYRTEC,1064.0,0.19,Death,2.0
QUETIAPINE FUMARATE,1063.0,12.23,Death,130.0
RUCONEST,1053.0,0.19,Death,2.0
KEPPRA,1053.0,1.52,Death,16.0
OXYCONTIN,1053.0,24.98,Death,263.0
ESCITALOPRAM,1052.0,7.51,Death,79.0
GUSELKUMAB,1042.0,0.19,Death,2.0
ADEMPAS,1042.0,31.38,Death,327.0
AZACITIDINE,1038.0,33.43,Death,347.0
TOUJEO,1034.0,0.48,Death,5.0
DUPIXENT,125677.0,0.38,Disability,138.0
VEDOLIZUMAB,48278.0,1.29,Disability,160.0
ZEPBOUND,30098.0,0.17,Disability,45.0
MOUNJARO,27901.0,1.0,Disability,286.0
SKYRIZI,19963.0,3.63,Disability,75.0
RINVOQ,15046.0,4.11,Disability,66.0
ORGOVYX,14813.0,2.85,Disability,5.0
OZEMPIC,14766.0,1.32,Disability,210.0
REVLIMID,13432.0,5.59,Disability,11.0
HUMIRA,11402.0,6.37,Disability,85.0
LENALIDOMIDE,10962.0,7.48,Disability,19.0
NUPLAZID,10582.0,19.22,Disability,11.0
BIMZELX,10225.0,0.4,Disability,11.0
GENOTROPIN,10000.0,0.21,Disability,1.0
HUMAN IMMUNOGLOBULIN G,9696.0,6.1,Disability,18.0
POMALYST,8464.0,7.44,Disability,5.0
RITUXIMAB,8373.0,16.31,Disability,39.0
ORENCIA,8264.0,4.5,Disability,23.0
DAPAGLIFLOZIN,8019.0,38.38,Disability,113.0
CIMZIA,7893.0,2.53,Disability,11.0
KEYTRUDA,7675.0,19.4,Disability,53.0
ACETAMINOPHEN,7539.0,23.89,Disability,11.0
ALBUTEROL SULFATE,7409.0,0.2,Disability,1.0
TEDUGLUTIDE,7346.0,6.34,Disability,52.0
METHOTREXATE,7236.0,10.95,Disability,78.0
NEMLUVIO,6946.0,0.71,Disability,3.0
REPATHA,6903.0,2.65,Disability,69.0
ELIQUIS,6716.0,14.55,Disability,48.0
PREDNISONE,6660.0,14.35,Disability,16.0
TYVASO DPI,6498.0,2.91,Disability,3.0
SPRAVATO,6469.0,2.41,Disability,22.0
LANTUS SOLOSTAR,6408.0,0.17,Disability,21.0
CORTICOTROPIN,6358.0,1.65,Disability,5.0
TYMLOS,6287.0,1.26,Disability,8.0
COSENTYX,6172.0,7.29,Disability,63.0
JAKAFI,6171.0,7.08,Disability,11.0
ELIGARD,5844.0,14.25,Disability,3.0
TREMFYA,5681.0,1.25,Disability,4.0
MYCOPHENOLATE MOFETIL,5676.0,14.62,Disability,12.0
CARBOPLATIN,5619.0,12.01,Disability,41.0
TISLELIZUMAB,5583.0,0.52,Disability,118.0
NUCALA,5563.0,2.12,Disability,13.0
ADALIMUMAB,5417.0,12.04,Disability,73.0
WEGOVY,5276.0,0.66,Disability,123.0
XELJANZ XR,5243.0,1.64,Disability,47.0
CABOMETYX,5233.0,5.03,Disability,8.0
IBRANCE,5179.0,10.74,Disability,21.0
TACROLIMUS,5147.0,12.98,Disability,35.0
XOLAIR,5086.0,0.92,Disability,25.0
TYLENOL,4981.0,0.92,Disability,5.0
INFLIXIMAB,4638.0,4.05,Disability,36.0
OCREVUS,4572.0,2.01,Disability,98.0
BENLYSTA,4541.0,0.7,Disability,8.0
ATORVASTATIN,4512.0,3.81,Disability,290.0
FINASTERIDE,4420.0,2.17,Disability,281.0
SIMPONI,4419.0,1.45,Disability,4.0
CLOZARIL,4413.0,20.24,Disability,2.0
TRULICITY,4339.0,1.06,Disability,18.0
LEVETIRACETAM,4253.0,4.21,Disability,48.0
CREON,4211.0,9.4,Disability,10.0
KEVZARA,4207.0,1.85,Disability,33.0
HUMAN IMMUNOGLOBULIN G\HYALURONIDASE RECOMBINANT HUMAN,4183.0,6.65,Disability,19.0
KESIMPTA,4162.0,1.59,Disability,62.0
IBUPROFEN,4159.0,4.3,Disability,12.0
TYVASO,4114.0,6.27,Disability,7.0
CLOZAPINE,4085.0,14.91,Disability,5.0
ULTOMIRIS,4018.0,9.81,Disability,15.0
HUMALOG,3909.0,0.72,Disability,23.0
INFLECTRA,3898.0,1.56,Disability,18.0
DEXAMETHASONE,3854.0,12.9,Disability,37.0
STELARA,3850.0,1.97,Disability,14.0
METFORMIN,3812.0,10.49,Disability,47.0
BEVACIZUMAB,3700.0,19.68,Disability,21.0
CARBIDOPA\LEVODOPA,3658.0,33.41,Disability,19.0
MIRENA,3573.0,0.11,Disability,27.0
VENCLEXTA,3493.0,30.52,Disability,10.0
PLUVICTO,3478.0,9.03,Disability,5.0
SERTRALINE,3456.0,5.15,Disability,286.0
TYSABRI,3410.0,4.19,Disability,4.0
OXALIPLATIN,3388.0,10.24,Disability,28.0
REMICADE,3329.0,3.09,Disability,14.0
CERTOLIZUMAB PEGOL,3308.0,2.33,Disability,11.0
OSIMERTINIB,3302.0,40.31,Disability,7.0
PARAGARD T 380A,3287.0,0.09,Disability,5.0
EMGALITY,3277.0,0.18,Disability,29.0
ENBREL,3258.0,5.22,Disability,14.0
LENVIMA,3245.0,6.59,Disability,29.0
TRELEGY ELLIPTA,3151.0,4.79,Disability,11.0
PREGABALIN,3136.0,11.19,Disability,102.0
OMNITROPE,3053.0,0.39,Disability,6.0
GABAPENTIN,2974.0,10.02,Disability,70.0
ALBUTEROL,2973.0,2.76,Disability,3.0
XYWAV,2945.0,0.54,Disability,22.0
PEMBROLIZUMAB,2938.0,12.76,Disability,16.0
BOTOX,2931.0,10.92,Disability,37.0
EPIDIOLEX,2929.0,16.32,Disability,6.0
METHOTREXATE SODIUM,2898.0,4.87,Disability,46.0
PROLIA,2872.0,17.79,Disability,59.0
TALTZ,2840.0,1.65,Disability,13.0
AMLODIPINE,2835.0,9.1,Disability,79.0
BREZTRI,2817.0,4.54,Disability,9.0
OLANZAPINE,2817.0,7.06,Disability,78.0
XELJANZ,2776.0,3.42,Disability,22.0
OPDIVO,2760.0,20.54,Disability,11.0
ACTEMRA,2749.0,9.6,Disability,5.0
IMBRUVICA,2741.0,16.6,Disability,5.0
FOSCARBIDOPA\FOSLEVODOPA,2718.0,17.26,Disability,17.0
OFEV,2673.0,19.72,Disability,28.0
OTEZLA,2672.0,2.17,Disability,3.0
PAXLOVID,2663.0,1.35,Disability,19.0
KISQALI,2661.0,11.39,Disability,28.0
PREDNISOLONE,2629.0,12.02,Disability,48.0
VERZENIO,2613.0,4.4,Disability,1.0
PACLITAXEL,2521.0,7.3,Disability,28.0
BIMEKIZUMAB,2512.0,1.07,Disability,17.0
AYVAKIT,2423.0,2.02,Disability,1.0
SOLIRIS,2420.0,17.27,Disability,6.0
LUPKYNIS,2417.0,0.37,Disability,2.0
ARIPIPRAZOLE,2377.0,7.15,Disability,111.0
FENFLURAMINE,2373.0,0.0,Disability,12.0
XOLAIR PFS,2373.0,1.31,Disability,1.0
HEMLIBRA,2360.0,4.19,Disability,6.0
CYCLOSPORINE,2357.0,14.59,Disability,11.0
DURVALUMAB,2353.0,39.91,Disability,5.0
CONTRAVE,2350.0,0.09,Disability,4.0
CYCLOPHOSPHAMIDE,2341.0,15.85,Disability,16.0
ESTRADIOL,2341.0,0.21,Disability,34.0
APIXABAN,2291.0,11.35,Disability,86.0
JARDIANCE,2227.0,4.63,Disability,23.0
TRASTUZUMAB,2222.0,10.08,Disability,35.0
ISOTRETINOIN,2203.0,0.59,Disability,19.0
DEPO-PROVERA,2177.0,0.46,Disability,20.0
ENHERTU,2176.0,28.86,Disability,6.0
IMFINZI,2176.0,34.19,Disability,7.0
BENRALIZUMAB,2172.0,16.57,Disability,15.0
QUETIAPINE,2140.0,10.75,Disability,53.0
IDURSULFASE,2127.0,6.96,Disability,31.0
VYEPTI,2122.0,0.85,Disability,10.0
VUMERITY,2119.0,3.82,Disability,1.0
FENTANYL,2104.0,55.23,Disability,4.0
TECENTRIQ,2103.0,37.33,Disability,3.0
NEULASTA,2081.0,1.2,Disability,1.0
MAVENCLAD,2062.0,1.36,Disability,13.0
ADVATE,2049.0,0.54,Disability,4.0
OLAPARIB,2023.0,23.63,Disability,6.0
CAPECITABINE,2020.0,13.76,Disability,14.0
TOLVAPTAN,2018.0,11.5,Disability,1.0
PONATINIB,2014.0,13.46,Disability,4.0
ROSUVASTATIN,2013.0,1.79,Disability,106.0
EVENITY,2012.0,4.08,Disability,27.0
FASENRA,2002.0,7.14,Disability,5.0
VENETOCLAX,1977.0,21.24,Disability,14.0
ICATIBANT,1974.0,0.61,Disability,17.0
TAGRISSO,1968.0,19.16,Disability,22.0
ENTYVIO,1964.0,2.19,Disability,10.0
FRUQUINTINIB,1961.0,36.82,Disability,9.0
CARVYKTI,1932.0,9.11,Disability,4.0
VYNDAMAX,1916.0,28.81,Disability,8.0
TEZSPIRE,1877.0,3.62,Disability,13.0
BUDESONIDE\FORMOTEROL\GLYCOPYRRONIUM,1858.0,63.83,Disability,5.0
XCOPRI,1841.0,1.9,Disability,6.0
RISANKIZUMAB,1837.0,0.49,Disability,2.0
ADBRY,1826.0,1.48,Disability,4.0
ACALABRUTINIB,1816.0,12.44,Disability,4.0
CIPROFLOXACIN,1788.0,4.19,Disability,158.0
LANADELUMAB,1781.0,2.41,Disability,8.0
VENLAFAXINE,1767.0,9.68,Disability,30.0
ZOLEDRONIC ACID,1759.0,4.43,Disability,100.0
DOXORUBICIN,1755.0,16.18,Disability,3.0
OPSUMIT,1746.0,14.09,Disability,1.0
VEVYE,1729.0,0.0,Disability,1.0
BORTEZOMIB,1719.0,13.21,Disability,3.0
HIZENTRA,1703.0,7.93,Disability,6.0
BASAGLAR,1687.0,0.47,Disability,16.0
YERVOY,1676.0,29.12,Disability,8.0
DOCETAXEL,1667.0,13.5,Disability,23.0
AMBRISENTAN,1666.0,15.13,Disability,5.0
LAMOTRIGINE,1650.0,7.52,Disability,23.0
RAMIPRIL,1647.0,1.52,Disability,18.0
LEQVIO,1632.0,3.37,Disability,34.0
LETROZOLE,1626.0,5.47,Disability,31.0
MINOXIDIL,1620.0,0.0,Disability,4.0
MEPOLIZUMAB,1619.0,7.6,Disability,7.0
GLASSIA,1608.0,7.15,Disability,1.0
PADCEV,1605.0,19.0,Disability,9.0
STRENSIQ,1598.0,1.44,Disability,3.0
DICLOFENAC,1596.0,15.23,Disability,11.0
VABYSMO,1590.0,10.63,Disability,22.0
MIRALAX,1578.0,0.38,Disability,2.0
DOXYCYCLINE,1569.0,5.8,Disability,29.0
OMEPRAZOLE,1568.0,4.85,Disability,40.0
TAVNEOS,1563.0,12.8,Disability,4.0
FLUOROURACIL,1554.0,7.79,Disability,14.0
CITALOPRAM,1532.0,50.39,Disability,77.0
OXYCODONE HYDROCHLORIDE,1528.0,23.17,Disability,17.0
CLOPIDOGREL,1527.0,10.67,Disability,36.0
TRAMADOL,1519.0,19.42,Disability,9.0
COBENFY,1518.0,1.25,Disability,2.0
AIMOVIG,1516.0,5.08,Disability,20.0
RUXIENCE,1516.0,6.73,Disability,14.0
GEMTESA,1500.0,6.07,Disability,1.0
LEQEMBI,1498.0,4.74,Disability,4.0
HYRIMOZ,1496.0,4.75,Disability,18.0
PANTOPRAZOLE,1494.0,7.97,Disability,7.0
AZITHROMYCIN,1491.0,7.65,Disability,12.0
CABENUVA,1477.0,1.9,Disability,4.0
ENTRESTO,1470.0,8.84,Disability,16.0
SYMBICORT,1466.0,1.36,Disability,6.0
GEMCITABINE,1465.0,13.24,Disability,2.0
FULVESTRANT,1456.0,14.08,Disability,5.0
RUXOLITINIB,1452.0,15.36,Disability,3.0
KISUNLA,1445.0,2.21,Disability,2.0
CAMZYOS,1416.0,2.97,Disability,3.0
AMOXICILLIN,1415.0,2.47,Disability,14.0
VYALEV,1402.0,7.85,Disability,1.0
XARELTO,1396.0,5.87,Disability,11.0
IXAZOMIB,1393.0,21.32,Disability,3.0
TRUVADA,1388.0,0.5,Disability,5.0
ALPRAZOLAM,1387.0,19.83,Disability,9.0
VELAGLUCERASE ALFA,1383.0,4.77,Disability,29.0
AVASTIN,1383.0,28.2,Disability,24.0
CAPLYTA,1381.0,0.94,Disability,5.0
TRIKAFTA,1375.0,2.55,Disability,6.0
UBLITUXIMAB,1364.0,0.81,Disability,1.0
INVEGA SUSTENNA,1358.0,1.25,Disability,5.0
AVONEX,1343.0,3.87,Disability,5.0
BOTOX COSMETIC,1339.0,0.07,Disability,1.0
RYBREVANT,1334.0,7.12,Disability,2.0
RILPIVIRINE,1332.0,1.05,Disability,6.0
NEXPLANON,1326.0,0.15,Disability,18.0
SYNTHROID,1317.0,21.94,Disability,11.0
RISPERIDONE,1313.0,5.86,Disability,31.0
FARXIGA,1309.0,18.26,Disability,11.0
MIRTAZAPINE,1305.0,10.27,Disability,73.0
OMALIZUMAB,1303.0,1.23,Disability,7.0
LEVOFLOXACIN,1299.0,5.47,Disability,86.0
LYNPARZA,1294.0,13.6,Disability,10.0
DUPILUMAB,1278.0,2.27,Disability,23.0
TAVALISSE,1269.0,6.78,Disability,1.0
WINREVAIR,1261.0,3.89,Disability,1.0
LANTUS,1259.0,0.64,Disability,6.0
LINEZOLID,1257.0,9.86,Disability,16.0
TADALAFIL,1251.0,11.99,Disability,36.0
TERIPARATIDE,1238.0,3.23,Disability,24.0
AJOVY,1238.0,1.45,Disability,25.0
EZETIMIBE,1236.0,1.54,Disability,42.0
VOQUEZNA,1229.0,2.69,Disability,3.0
IMATINIB,1227.0,7.25,Disability,11.0
XDEMVY,1200.0,0.75,Disability,4.0
XYREM,1191.0,0.42,Disability,8.0
DIAZEPAM,1186.0,13.49,Disability,9.0
QSYMIA,1182.0,0.25,Disability,2.0
NIVOLUMAB,1177.0,14.19,Disability,6.0
UPADACITINIB,1177.0,1.44,Disability,10.0
BUPRENORPHINE,1174.0,33.65,Disability,6.0
TECFIDERA,1163.0,2.06,Disability,5.0
PEMETREXED,1158.0,14.16,Disability,16.0
RISPERDAL,1151.0,1.91,Disability,12.0
ACTEMRA ACTPEN,1150.0,4.87,Disability,2.0
ETOPOSIDE,1149.0,22.63,Disability,5.0
TEZEPELUMAB,1146.0,13.44,Disability,1.0
"DEXTROAMPHETAMINE SACCHARATE, AMPHETAMINE ASPARTATE, DEXTROAMPHETAMINE SULFATE AND AMPHETAMINE SULFATE",1140.0,13.6,Disability,4.0
ARIKAYCE,1125.0,14.04,Disability,4.0
RYBELSUS,1122.0,2.85,Disability,35.0
NOVOLOG,1120.0,4.73,Disability,39.0
XPHOZAH,1117.0,15.85,Disability,2.0
ERLEADA,1113.0,10.87,Disability,6.0
LENVATINIB,1111.0,8.91,Disability,6.0
BRUKINSA,1101.0,8.9,Disability,6.0
AMIODARONE,1095.0,9.86,Disability,8.0
ZEPOSIA,1088.0,2.02,Disability,2.0
METRONIDAZOLE,1085.0,6.45,Disability,24.0
OPZELURA,1079.0,0.09,Disability,2.0
FUROSEMIDE,1073.0,7.92,Disability,7.0
ZYRTEC,1064.0,0.19,Disability,20.0
SLYND,1063.0,0.0,Disability,1.0
QUETIAPINE FUMARATE,1063.0,12.23,Disability,14.0
KEPPRA,1053.0,1.52,Disability,7.0
OXYCONTIN,1053.0,24.98,Disability,106.0
ESCITALOPRAM,1052.0,7.51,Disability,114.0
ADEMPAS,1042.0,31.38,Disability,1.0
AZACITIDINE,1038.0,33.43,Disability,2.0
TOUJEO,1034.0,0.48,Disability,7.0
DUPIXENT,125677.0,0.38,Hospitalization,4822.0
VEDOLIZUMAB,48278.0,1.29,Hospitalization,12583.0
ZEPBOUND,30098.0,0.17,Hospitalization,596.0
MOUNJARO,27901.0,1.0,Hospitalization,2577.0
SKYRIZI,19963.0,3.63,Hospitalization,5466.0
RINVOQ,15046.0,4.11,Hospitalization,4387.0
ORGOVYX,14813.0,2.85,Hospitalization,1370.0
OZEMPIC,14766.0,1.32,Hospitalization,2903.0
REVLIMID,13432.0,5.59,Hospitalization,1836.0
HUMIRA,11402.0,6.37,Hospitalization,2473.0
LENALIDOMIDE,10962.0,7.48,Hospitalization,2531.0
NUPLAZID,10582.0,19.22,Hospitalization,1123.0
BIMZELX,10225.0,0.4,Hospitalization,433.0
GENOTROPIN,10000.0,0.21,Hospitalization,87.0
HUMAN IMMUNOGLOBULIN G,9696.0,6.1,Hospitalization,3999.0
POMALYST,8464.0,7.44,Hospitalization,1584.0
RITUXIMAB,8373.0,16.31,Hospitalization,1856.0
ORENCIA,8264.0,4.5,Hospitalization,463.0
DAPAGLIFLOZIN,8019.0,38.38,Hospitalization,1436.0
CIMZIA,7893.0,2.53,Hospitalization,394.0
KEYTRUDA,7675.0,19.4,Hospitalization,2113.0
ACETAMINOPHEN,7539.0,23.89,Hospitalization,2478.0
ALBUTEROL SULFATE,7409.0,0.2,Hospitalization,132.0
TEDUGLUTIDE,7346.0,6.34,Hospitalization,5121.0
METHOTREXATE,7236.0,10.95,Hospitalization,2099.0
NEMLUVIO,6946.0,0.71,Hospitalization,164.0
REPATHA,6903.0,2.65,Hospitalization,592.0
ELIQUIS,6716.0,14.55,Hospitalization,1041.0
PREDNISONE,6660.0,14.35,Hospitalization,1780.0
TYVASO DPI,6498.0,2.91,Hospitalization,1292.0
SPRAVATO,6469.0,2.41,Hospitalization,782.0
LANTUS SOLOSTAR,6408.0,0.17,Hospitalization,111.0
CORTICOTROPIN,6358.0,1.65,Hospitalization,643.0
TYMLOS,6287.0,1.26,Hospitalization,483.0
COSENTYX,6172.0,7.29,Hospitalization,803.0
JAKAFI,6171.0,7.08,Hospitalization,844.0
REMODULIN,5964.0,4.64,Hospitalization,1848.0
ELIGARD,5844.0,14.25,Hospitalization,311.0
TREMFYA,5681.0,1.25,Hospitalization,339.0
MYCOPHENOLATE MOFETIL,5676.0,14.62,Hospitalization,1442.0
CARBOPLATIN,5619.0,12.01,Hospitalization,1915.0
TISLELIZUMAB,5583.0,0.52,Hospitalization,2669.0
NUCALA,5563.0,2.12,Hospitalization,487.0
ADALIMUMAB,5417.0,12.04,Hospitalization,1122.0
WEGOVY,5276.0,0.66,Hospitalization,815.0
XELJANZ XR,5243.0,1.64,Hospitalization,517.0
CABOMETYX,5233.0,5.03,Hospitalization,469.0
IBRANCE,5179.0,10.74,Hospitalization,581.0
TACROLIMUS,5147.0,12.98,Hospitalization,1571.0
XOLAIR,5086.0,0.92,Hospitalization,514.0
TYLENOL,4981.0,0.92,Hospitalization,49.0
INFLIXIMAB,4638.0,4.05,Hospitalization,1280.0
OCREVUS,4572.0,2.01,Hospitalization,824.0
BENLYSTA,4541.0,0.7,Hospitalization,206.0
ATORVASTATIN,4512.0,3.81,Hospitalization,1056.0
FINASTERIDE,4420.0,2.17,Hospitalization,89.0
SIMPONI,4419.0,1.45,Hospitalization,733.0
CLOZARIL,4413.0,20.24,Hospitalization,2349.0
TRULICITY,4339.0,1.06,Hospitalization,620.0
LEVETIRACETAM,4253.0,4.21,Hospitalization,930.0
CREON,4211.0,9.4,Hospitalization,1133.0
KEVZARA,4207.0,1.85,Hospitalization,207.0
HUMAN IMMUNOGLOBULIN G\HYALURONIDASE RECOMBINANT HUMAN,4183.0,6.65,Hospitalization,1786.0
KESIMPTA,4162.0,1.59,Hospitalization,688.0
IBUPROFEN,4159.0,4.3,Hospitalization,1536.0
TYVASO,4114.0,6.27,Hospitalization,1223.0
CLOZAPINE,4085.0,14.91,Hospitalization,1365.0
ULTOMIRIS,4018.0,9.81,Hospitalization,1071.0
HUMALOG,3909.0,0.72,Hospitalization,343.0
INFLECTRA,3898.0,1.56,Hospitalization,1058.0
DEXAMETHASONE,3854.0,12.9,Hospitalization,945.0
STELARA,3850.0,1.97,Hospitalization,346.0
METFORMIN,3812.0,10.49,Hospitalization,1332.0
BEVACIZUMAB,3700.0,19.68,Hospitalization,719.0
CARBIDOPA\LEVODOPA,3658.0,33.41,Hospitalization,1449.0
MIRENA,3573.0,0.11,Hospitalization,142.0
VENCLEXTA,3493.0,30.52,Hospitalization,1186.0
PLUVICTO,3478.0,9.03,Hospitalization,127.0
SERTRALINE,3456.0,5.15,Hospitalization,759.0
TYSABRI,3410.0,4.19,Hospitalization,855.0
OXALIPLATIN,3388.0,10.24,Hospitalization,1015.0
REMICADE,3329.0,3.09,Hospitalization,708.0
CERTOLIZUMAB PEGOL,3308.0,2.33,Hospitalization,588.0
OXERVATE,3307.0,0.91,Hospitalization,159.0
OSIMERTINIB,3302.0,40.31,Hospitalization,598.0
PARAGARD T 380A,3287.0,0.09,Hospitalization,67.0
EMGALITY,3277.0,0.18,Hospitalization,81.0
ENBREL,3258.0,5.22,Hospitalization,414.0
LENVIMA,3245.0,6.59,Hospitalization,2031.0
TRELEGY ELLIPTA,3151.0,4.79,Hospitalization,348.0
PREGABALIN,3136.0,11.19,Hospitalization,887.0
ORENITRAM,3128.0,2.43,Hospitalization,746.0
OMNITROPE,3053.0,0.39,Hospitalization,95.0
GABAPENTIN,2974.0,10.02,Hospitalization,598.0
ALBUTEROL,2973.0,2.76,Hospitalization,190.0
XYWAV,2945.0,0.54,Hospitalization,776.0
PEMBROLIZUMAB,2938.0,12.76,Hospitalization,779.0
BOTOX,2931.0,10.92,Hospitalization,281.0
EPIDIOLEX,2929.0,16.32,Hospitalization,1795.0
METHOTREXATE SODIUM,2898.0,4.87,Hospitalization,603.0
PROLIA,2872.0,17.79,Hospitalization,311.0
TALTZ,2840.0,1.65,Hospitalization,181.0
AMLODIPINE,2835.0,9.1,Hospitalization,620.0
BREZTRI,2817.0,4.54,Hospitalization,176.0
OLANZAPINE,2817.0,7.06,Hospitalization,948.0
FILSPARI,2784.0,0.54,Hospitalization,180.0
XELJANZ,2776.0,3.42,Hospitalization,323.0
OPDIVO,2760.0,20.54,Hospitalization,686.0
ACTEMRA,2749.0,9.6,Hospitalization,392.0
IMBRUVICA,2741.0,16.6,Hospitalization,857.0
DAYBUE,2733.0,0.51,Hospitalization,282.0
FOSCARBIDOPA\FOSLEVODOPA,2718.0,17.26,Hospitalization,1556.0
OFEV,2673.0,19.72,Hospitalization,1039.0
OTEZLA,2672.0,2.17,Hospitalization,202.0
PAXLOVID,2663.0,1.35,Hospitalization,109.0
KISQALI,2661.0,11.39,Hospitalization,502.0
PREDNISOLONE,2629.0,12.02,Hospitalization,710.0
VERZENIO,2613.0,4.4,Hospitalization,283.0
PACLITAXEL,2521.0,7.3,Hospitalization,784.0
BIMEKIZUMAB,2512.0,1.07,Hospitalization,577.0
AYVAKIT,2423.0,2.02,Hospitalization,201.0
SOLIRIS,2420.0,17.27,Hospitalization,778.0
LUPKYNIS,2417.0,0.37,Hospitalization,144.0
ARIPIPRAZOLE,2377.0,7.15,Hospitalization,781.0
FENFLURAMINE,2373.0,0.0,Hospitalization,1018.0
XOLAIR PFS,2373.0,1.31,Hospitalization,134.0
HEMLIBRA,2360.0,4.19,Hospitalization,405.0
CYCLOSPORINE,2357.0,14.59,Hospitalization,451.0
DURVALUMAB,2353.0,39.91,Hospitalization,366.0
CONTRAVE,2350.0,0.09,Hospitalization,44.0
CYCLOPHOSPHAMIDE,2341.0,15.85,Hospitalization,848.0
ESTRADIOL,2341.0,0.21,Hospitalization,67.0
APIXABAN,2291.0,11.35,Hospitalization,801.0
JARDIANCE,2227.0,4.63,Hospitalization,623.0
TRASTUZUMAB,2222.0,10.08,Hospitalization,567.0
ISOTRETINOIN,2203.0,0.59,Hospitalization,53.0
DEPO-PROVERA,2177.0,0.46,Hospitalization,102.0
ENHERTU,2176.0,28.86,Hospitalization,382.0
IMFINZI,2176.0,34.19,Hospitalization,328.0
BENRALIZUMAB,2172.0,16.57,Hospitalization,701.0
QUETIAPINE,2140.0,10.75,Hospitalization,706.0
IDURSULFASE,2127.0,6.96,Hospitalization,1202.0
VYEPTI,2122.0,0.85,Hospitalization,204.0
VUMERITY,2119.0,3.82,Hospitalization,395.0
FENTANYL,2104.0,55.23,Hospitalization,263.0
TECENTRIQ,2103.0,37.33,Hospitalization,559.0
NEULASTA,2081.0,1.2,Hospitalization,45.0
MAVENCLAD,2062.0,1.36,Hospitalization,390.0
ADVATE,2049.0,0.54,Hospitalization,609.0
OLAPARIB,2023.0,23.63,Hospitalization,354.0
CAPECITABINE,2020.0,13.76,Hospitalization,612.0
TOLVAPTAN,2018.0,11.5,Hospitalization,321.0
PONATINIB,2014.0,13.46,Hospitalization,951.0
ROSUVASTATIN,2013.0,1.79,Hospitalization,389.0
EVENITY,2012.0,4.08,Hospitalization,520.0
FASENRA,2002.0,7.14,Hospitalization,351.0
VENETOCLAX,1977.0,21.24,Hospitalization,641.0
ICATIBANT,1974.0,0.61,Hospitalization,845.0
TAGRISSO,1968.0,19.16,Hospitalization,397.0
ENTYVIO,1964.0,2.19,Hospitalization,255.0
FRUQUINTINIB,1961.0,36.82,Hospitalization,425.0
CARVYKTI,1932.0,9.11,Hospitalization,637.0
VYNDAMAX,1916.0,28.81,Hospitalization,530.0
TEZSPIRE,1877.0,3.62,Hospitalization,284.0
BUDESONIDE\FORMOTEROL\GLYCOPYRRONIUM,1858.0,63.83,Hospitalization,141.0
XCOPRI,1841.0,1.9,Hospitalization,341.0
RISANKIZUMAB,1837.0,0.49,Hospitalization,186.0
ADBRY,1826.0,1.48,Hospitalization,100.0
ACALABRUTINIB,1816.0,12.44,Hospitalization,593.0
CIPROFLOXACIN,1788.0,4.19,Hospitalization,528.0
LANADELUMAB,1781.0,2.41,Hospitalization,965.0
VENLAFAXINE,1767.0,9.68,Hospitalization,555.0
ZOLEDRONIC ACID,1759.0,4.43,Hospitalization,391.0
DOXORUBICIN,1755.0,16.18,Hospitalization,417.0
OPSUMIT,1746.0,14.09,Hospitalization,711.0
VEVYE,1729.0,0.0,Hospitalization,2.0
BORTEZOMIB,1719.0,13.21,Hospitalization,317.0
TREPROSTINIL,1706.0,15.47,Hospitalization,900.0
HIZENTRA,1703.0,7.93,Hospitalization,422.0
BASAGLAR,1687.0,0.47,Hospitalization,102.0
VANCOMYCIN,1687.0,17.49,Hospitalization,550.0
YERVOY,1676.0,29.12,Hospitalization,442.0
DOCETAXEL,1667.0,13.5,Hospitalization,440.0
AMBRISENTAN,1666.0,15.13,Hospitalization,811.0
LAMOTRIGINE,1650.0,7.52,Hospitalization,582.0
RAMIPRIL,1647.0,1.52,Hospitalization,194.0
LEQVIO,1632.0,3.37,Hospitalization,147.0
LETROZOLE,1626.0,5.47,Hospitalization,320.0
MINOXIDIL,1620.0,0.0,Hospitalization,11.0
MEPOLIZUMAB,1619.0,7.6,Hospitalization,751.0
GLASSIA,1608.0,7.15,Hospitalization,674.0
PADCEV,1605.0,19.0,Hospitalization,379.0
STRENSIQ,1598.0,1.44,Hospitalization,238.0
DICLOFENAC,1596.0,15.23,Hospitalization,381.0
VABYSMO,1590.0,10.63,Hospitalization,115.0
MIRALAX,1578.0,0.38,Hospitalization,10.0
DOXYCYCLINE,1569.0,5.8,Hospitalization,366.0
OMEPRAZOLE,1568.0,4.85,Hospitalization,501.0
TAVNEOS,1563.0,12.8,Hospitalization,889.0
FLUOROURACIL,1554.0,7.79,Hospitalization,607.0
PALYNZIQ,1540.0,0.32,Hospitalization,73.0
CITALOPRAM,1532.0,50.39,Hospitalization,188.0
OXYCODONE HYDROCHLORIDE,1528.0,23.17,Hospitalization,171.0
CLOPIDOGREL,1527.0,10.67,Hospitalization,427.0
TRAMADOL,1519.0,19.42,Hospitalization,437.0
COBENFY,1518.0,1.25,Hospitalization,121.0
AIMOVIG,1516.0,5.08,Hospitalization,134.0
RUXIENCE,1516.0,6.73,Hospitalization,367.0
GEMTESA,1500.0,6.07,Hospitalization,76.0
LEQEMBI,1498.0,4.74,Hospitalization,421.0
HYRIMOZ,1496.0,4.75,Hospitalization,208.0
PANTOPRAZOLE,1494.0,7.97,Hospitalization,589.0
AZITHROMYCIN,1491.0,7.65,Hospitalization,450.0
CABENUVA,1477.0,1.9,Hospitalization,68.0
ENTRESTO,1470.0,8.84,Hospitalization,367.0
SYMBICORT,1466.0,1.36,Hospitalization,204.0
GEMCITABINE,1465.0,13.24,Hospitalization,252.0
FULVESTRANT,1456.0,14.08,Hospitalization,295.0
RUXOLITINIB,1452.0,15.36,Hospitalization,328.0
KISUNLA,1445.0,2.21,Hospitalization,143.0
CAMZYOS,1416.0,2.97,Hospitalization,157.0
AMOXICILLIN,1415.0,2.47,Hospitalization,501.0
VYALEV,1402.0,7.85,Hospitalization,485.0
XARELTO,1396.0,5.87,Hospitalization,392.0
IXAZOMIB,1393.0,21.32,Hospitalization,517.0
TRUVADA,1388.0,0.5,Hospitalization,36.0
ALPRAZOLAM,1387.0,19.83,Hospitalization,454.0
VELAGLUCERASE ALFA,1383.0,4.77,Hospitalization,782.0
AVASTIN,1383.0,28.2,Hospitalization,242.0
CAPLYTA,1381.0,0.94,Hospitalization,62.0
TRIKAFTA,1375.0,2.55,Hospitalization,276.0
UBLITUXIMAB,1364.0,0.81,Hospitalization,143.0
INVEGA SUSTENNA,1358.0,1.25,Hospitalization,245.0
AVONEX,1343.0,3.87,Hospitalization,360.0
BOTOX COSMETIC,1339.0,0.07,Hospitalization,9.0
RYBREVANT,1334.0,7.12,Hospitalization,218.0
RILPIVIRINE,1332.0,1.05,Hospitalization,31.0
NEXPLANON,1326.0,0.15,Hospitalization,43.0
LUMRYZ,1319.0,0.15,Hospitalization,55.0
SYNTHROID,1317.0,21.94,Hospitalization,122.0
HEMANGEOL,1313.0,0.08,Hospitalization,20.0
RISPERIDONE,1313.0,5.86,Hospitalization,456.0
FARXIGA,1309.0,18.26,Hospitalization,138.0
MIRTAZAPINE,1305.0,10.27,Hospitalization,359.0
OMALIZUMAB,1303.0,1.23,Hospitalization,389.0
QINLOCK,1302.0,6.37,Hospitalization,269.0
LEVOFLOXACIN,1299.0,5.47,Hospitalization,475.0
LYNPARZA,1294.0,13.6,Hospitalization,193.0
ESTRADIOL TRANSDERMAL SYSTEM,1279.0,0.0,Hospitalization,7.0
DUPILUMAB,1278.0,2.27,Hospitalization,251.0
TAVALISSE,1269.0,6.78,Hospitalization,304.0
WINREVAIR,1261.0,3.89,Hospitalization,424.0
LANTUS,1259.0,0.64,Hospitalization,36.0
LINEZOLID,1257.0,9.86,Hospitalization,312.0
TADALAFIL,1251.0,11.99,Hospitalization,382.0
TERIPARATIDE,1238.0,3.23,Hospitalization,148.0
AJOVY,1238.0,1.45,Hospitalization,98.0
EZETIMIBE,1236.0,1.54,Hospitalization,156.0
ACOLTREMON,1232.0,0.0,Hospitalization,5.0
VOQUEZNA,1229.0,2.69,Hospitalization,70.0
IMATINIB,1227.0,7.25,Hospitalization,260.0
XDEMVY,1200.0,0.75,Hospitalization,19.0
XYREM,1191.0,0.42,Hospitalization,291.0
DIAZEPAM,1186.0,13.49,Hospitalization,397.0
QSYMIA,1182.0,0.25,Hospitalization,11.0
NIVOLUMAB,1177.0,14.19,Hospitalization,292.0
UPADACITINIB,1177.0,1.44,Hospitalization,248.0
BUPRENORPHINE,1174.0,33.65,Hospitalization,200.0
TECFIDERA,1163.0,2.06,Hospitalization,268.0
FINTEPLA,1162.0,1.98,Hospitalization,328.0
PEMETREXED,1158.0,14.16,Hospitalization,444.0
RISPERDAL,1151.0,1.91,Hospitalization,137.0
ACTEMRA ACTPEN,1150.0,4.87,Hospitalization,103.0
ETOPOSIDE,1149.0,22.63,Hospitalization,300.0
TEZEPELUMAB,1146.0,13.44,Hospitalization,389.0
"DEXTROAMPHETAMINE SACCHARATE, AMPHETAMINE ASPARTATE, DEXTROAMPHETAMINE SULFATE AND AMPHETAMINE SULFATE",1140.0,13.6,Hospitalization,56.0
ARIKAYCE,1125.0,14.04,Hospitalization,458.0
RYBELSUS,1122.0,2.85,Hospitalization,292.0
NOVOLOG,1120.0,4.73,Hospitalization,294.0
XPHOZAH,1117.0,15.85,Hospitalization,226.0
ERLEADA,1113.0,10.87,Hospitalization,226.0
LENVATINIB,1111.0,8.91,Hospitalization,568.0
BRUKINSA,1101.0,8.9,Hospitalization,238.0
AMIODARONE,1095.0,9.86,Hospitalization,351.0
ZEPOSIA,1088.0,2.02,Hospitalization,68.0
METRONIDAZOLE,1085.0,6.45,Hospitalization,304.0
OPZELURA,1079.0,0.09,Hospitalization,31.0
FUROSEMIDE,1073.0,7.92,Hospitalization,516.0
ZYRTEC,1064.0,0.19,Hospitalization,3.0
SLYND,1063.0,0.0,Hospitalization,4.0
QUETIAPINE FUMARATE,1063.0,12.23,Hospitalization,318.0
RUCONEST,1053.0,0.19,Hospitalization,176.0
KEPPRA,1053.0,1.52,Hospitalization,168.0
OXYCONTIN,1053.0,24.98,Hospitalization,100.0
ESCITALOPRAM,1052.0,7.51,Hospitalization,258.0
GUSELKUMAB,1042.0,0.19,Hospitalization,21.0
ADEMPAS,1042.0,31.38,Hospitalization,337.0
AZACITIDINE,1038.0,33.43,Hospitalization,226.0
TOUJEO,1034.0,0.48,Hospitalization,61.0
DUPIXENT,125677.0,0.38,Life-Threatening,85.0
VEDOLIZUMAB,48278.0,1.29,Life-Threatening,167.0
ZEPBOUND,30098.0,0.17,Life-Threatening,42.0
MOUNJARO,27901.0,1.0,Life-Threatening,500.0
SKYRIZI,19963.0,3.63,Life-Threatening,52.0
RINVOQ,15046.0,4.11,Life-Threatening,104.0
ORGOVYX,14813.0,2.85,Life-Threatening,7.0
OZEMPIC,14766.0,1.32,Life-Threatening,223.0
REVLIMID,13432.0,5.59,Life-Threatening,83.0
HUMIRA,11402.0,6.37,Life-Threatening,58.0
LENALIDOMIDE,10962.0,7.48,Life-Threatening,212.0
NUPLAZID,10582.0,19.22,Life-Threatening,10.0
BIMZELX,10225.0,0.4,Life-Threatening,13.0
GENOTROPIN,10000.0,0.21,Life-Threatening,7.0
HUMAN IMMUNOGLOBULIN G,9696.0,6.1,Life-Threatening,88.0
POMALYST,8464.0,7.44,Life-Threatening,42.0
RITUXIMAB,8373.0,16.31,Life-Threatening,437.0
ORENCIA,8264.0,4.5,Life-Threatening,318.0
DAPAGLIFLOZIN,8019.0,38.38,Life-Threatening,242.0
CIMZIA,7893.0,2.53,Life-Threatening,34.0
KEYTRUDA,7675.0,19.4,Life-Threatening,364.0
ACETAMINOPHEN,7539.0,23.89,Life-Threatening,759.0
ALBUTEROL SULFATE,7409.0,0.2,Life-Threatening,15.0
TEDUGLUTIDE,7346.0,6.34,Life-Threatening,117.0
METHOTREXATE,7236.0,10.95,Life-Threatening,523.0
NEMLUVIO,6946.0,0.71,Life-Threatening,1.0
REPATHA,6903.0,2.65,Life-Threatening,34.0
ELIQUIS,6716.0,14.55,Life-Threatening,137.0
PREDNISONE,6660.0,14.35,Life-Threatening,357.0
TYVASO DPI,6498.0,2.91,Life-Threatening,57.0
SPRAVATO,6469.0,2.41,Life-Threatening,68.0
LANTUS SOLOSTAR,6408.0,0.17,Life-Threatening,1.0
CORTICOTROPIN,6358.0,1.65,Life-Threatening,4.0
TYMLOS,6287.0,1.26,Life-Threatening,6.0
COSENTYX,6172.0,7.29,Life-Threatening,122.0
JAKAFI,6171.0,7.08,Life-Threatening,14.0
REMODULIN,5964.0,4.64,Life-Threatening,89.0
ELIGARD,5844.0,14.25,Life-Threatening,4.0
TREMFYA,5681.0,1.25,Life-Threatening,19.0
MYCOPHENOLATE MOFETIL,5676.0,14.62,Life-Threatening,463.0
CARBOPLATIN,5619.0,12.01,Life-Threatening,558.0
TISLELIZUMAB,5583.0,0.52,Life-Threatening,243.0
NUCALA,5563.0,2.12,Life-Threatening,26.0
ADALIMUMAB,5417.0,12.04,Life-Threatening,180.0
WEGOVY,5276.0,0.66,Life-Threatening,90.0
XELJANZ XR,5243.0,1.64,Life-Threatening,24.0
CABOMETYX,5233.0,5.03,Life-Threatening,43.0
IBRANCE,5179.0,10.74,Life-Threatening,32.0
TACROLIMUS,5147.0,12.98,Life-Threatening,422.0
XOLAIR,5086.0,0.92,Life-Threatening,93.0
TYLENOL,4981.0,0.92,Life-Threatening,10.0
INFLIXIMAB,4638.0,4.05,Life-Threatening,135.0
OCREVUS,4572.0,2.01,Life-Threatening,58.0
BENLYSTA,4541.0,0.7,Life-Threatening,17.0
ATORVASTATIN,4512.0,3.81,Life-Threatening,270.0
FINASTERIDE,4420.0,2.17,Life-Threatening,151.0
SIMPONI,4419.0,1.45,Life-Threatening,22.0
CLOZARIL,4413.0,20.24,Life-Threatening,56.0
TRULICITY,4339.0,1.06,Life-Threatening,46.0
LEVETIRACETAM,4253.0,4.21,Life-Threatening,292.0
CREON,4211.0,9.4,Life-Threatening,2.0
KEVZARA,4207.0,1.85,Life-Threatening,22.0
HUMAN IMMUNOGLOBULIN G\HYALURONIDASE RECOMBINANT HUMAN,4183.0,6.65,Life-Threatening,42.0
KESIMPTA,4162.0,1.59,Life-Threatening,96.0
IBUPROFEN,4159.0,4.3,Life-Threatening,375.0
TYVASO,4114.0,6.27,Life-Threatening,36.0
CLOZAPINE,4085.0,14.91,Life-Threatening,324.0
ULTOMIRIS,4018.0,9.81,Life-Threatening,39.0
HUMALOG,3909.0,0.72,Life-Threatening,21.0
INFLECTRA,3898.0,1.56,Life-Threatening,23.0
DEXAMETHASONE,3854.0,12.9,Life-Threatening,375.0
STELARA,3850.0,1.97,Life-Threatening,40.0
METFORMIN,3812.0,10.49,Life-Threatening,720.0
BEVACIZUMAB,3700.0,19.68,Life-Threatening,138.0
CARBIDOPA\LEVODOPA,3658.0,33.41,Life-Threatening,23.0
MIRENA,3573.0,0.11,Life-Threatening,34.0
VENCLEXTA,3493.0,30.52,Life-Threatening,13.0
PLUVICTO,3478.0,9.03,Life-Threatening,13.0
SERTRALINE,3456.0,5.15,Life-Threatening,771.0
TYSABRI,3410.0,4.19,Life-Threatening,38.0
OXALIPLATIN,3388.0,10.24,Life-Threatening,349.0
REMICADE,3329.0,3.09,Life-Threatening,61.0
CERTOLIZUMAB PEGOL,3308.0,2.33,Life-Threatening,30.0
OSIMERTINIB,3302.0,40.31,Life-Threatening,27.0
PARAGARD T 380A,3287.0,0.09,Life-Threatening,8.0
EMGALITY,3277.0,0.18,Life-Threatening,8.0
ENBREL,3258.0,5.22,Life-Threatening,40.0
LENVIMA,3245.0,6.59,Life-Threatening,88.0
TRELEGY ELLIPTA,3151.0,4.79,Life-Threatening,5.0
PREGABALIN,3136.0,11.19,Life-Threatening,241.0
ORENITRAM,3128.0,2.43,Life-Threatening,31.0
OMNITROPE,3053.0,0.39,Life-Threatening,2.0
GABAPENTIN,2974.0,10.02,Life-Threatening,178.0
ALBUTEROL,2973.0,2.76,Life-Threatening,69.0
XYWAV,2945.0,0.54,Life-Threatening,24.0
PEMBROLIZUMAB,2938.0,12.76,Life-Threatening,139.0
BOTOX,2931.0,10.92,Life-Threatening,28.0
EPIDIOLEX,2929.0,16.32,Life-Threatening,22.0
METHOTREXATE SODIUM,2898.0,4.87,Life-Threatening,179.0
PROLIA,2872.0,17.79,Life-Threatening,27.0
TALTZ,2840.0,1.65,Life-Threatening,16.0
AMLODIPINE,2835.0,9.1,Life-Threatening,504.0
BREZTRI,2817.0,4.54,Life-Threatening,18.0
OLANZAPINE,2817.0,7.06,Life-Threatening,397.0
FILSPARI,2784.0,0.54,Life-Threatening,1.0
XELJANZ,2776.0,3.42,Life-Threatening,28.0
OPDIVO,2760.0,20.54,Life-Threatening,183.0
ACTEMRA,2749.0,9.6,Life-Threatening,36.0
IMBRUVICA,2741.0,16.6,Life-Threatening,43.0
DAYBUE,2733.0,0.51,Life-Threatening,11.0
FOSCARBIDOPA\FOSLEVODOPA,2718.0,17.26,Life-Threatening,22.0
OFEV,2673.0,19.72,Life-Threatening,54.0
OTEZLA,2672.0,2.17,Life-Threatening,7.0
PAXLOVID,2663.0,1.35,Life-Threatening,45.0
KISQALI,2661.0,11.39,Life-Threatening,142.0
PREDNISOLONE,2629.0,12.02,Life-Threatening,172.0
VERZENIO,2613.0,4.4,Life-Threatening,17.0
PACLITAXEL,2521.0,7.3,Life-Threatening,270.0
BIMEKIZUMAB,2512.0,1.07,Life-Threatening,28.0
AYVAKIT,2423.0,2.02,Life-Threatening,1.0
SOLIRIS,2420.0,17.27,Life-Threatening,37.0
ARIPIPRAZOLE,2377.0,7.15,Life-Threatening,179.0
FENFLURAMINE,2373.0,0.0,Life-Threatening,27.0
XOLAIR PFS,2373.0,1.31,Life-Threatening,11.0
HEMLIBRA,2360.0,4.19,Life-Threatening,20.0
CYCLOSPORINE,2357.0,14.59,Life-Threatening,127.0
DURVALUMAB,2353.0,39.91,Life-Threatening,104.0
CONTRAVE,2350.0,0.09,Life-Threatening,2.0
CYCLOPHOSPHAMIDE,2341.0,15.85,Life-Threatening,213.0
ESTRADIOL,2341.0,0.21,Life-Threatening,17.0
APIXABAN,2291.0,11.35,Life-Threatening,204.0
JARDIANCE,2227.0,4.63,Life-Threatening,158.0
TRASTUZUMAB,2222.0,10.08,Life-Threatening,77.0
ISOTRETINOIN,2203.0,0.59,Life-Threatening,16.0
DEPO-PROVERA,2177.0,0.46,Life-Threatening,30.0
ENHERTU,2176.0,28.86,Life-Threatening,46.0
IMFINZI,2176.0,34.19,Life-Threatening,137.0
BENRALIZUMAB,2172.0,16.57,Life-Threatening,40.0
QUETIAPINE,2140.0,10.75,Life-Threatening,318.0
IDURSULFASE,2127.0,6.96,Life-Threatening,78.0
VYEPTI,2122.0,0.85,Life-Threatening,9.0
VUMERITY,2119.0,3.82,Life-Threatening,22.0
FENTANYL,2104.0,55.23,Life-Threatening,129.0
TECENTRIQ,2103.0,37.33,Life-Threatening,56.0
NEULASTA,2081.0,1.2,Life-Threatening,3.0
MAVENCLAD,2062.0,1.36,Life-Threatening,13.0
ADVATE,2049.0,0.54,Life-Threatening,13.0
OLAPARIB,2023.0,23.63,Life-Threatening,21.0
CAPECITABINE,2020.0,13.76,Life-Threatening,164.0
TOLVAPTAN,2018.0,11.5,Life-Threatening,14.0
PONATINIB,2014.0,13.46,Life-Threatening,21.0
ROSUVASTATIN,2013.0,1.79,Life-Threatening,142.0
EVENITY,2012.0,4.08,Life-Threatening,34.0
FASENRA,2002.0,7.14,Life-Threatening,19.0
VENETOCLAX,1977.0,21.24,Life-Threatening,65.0
ICATIBANT,1974.0,0.61,Life-Threatening,187.0
TAGRISSO,1968.0,19.16,Life-Threatening,54.0
ENTYVIO,1964.0,2.19,Life-Threatening,26.0
FRUQUINTINIB,1961.0,36.82,Life-Threatening,14.0
CARVYKTI,1932.0,9.11,Life-Threatening,18.0
VYNDAMAX,1916.0,28.81,Life-Threatening,9.0
TEZSPIRE,1877.0,3.62,Life-Threatening,37.0
BUDESONIDE\FORMOTEROL\GLYCOPYRRONIUM,1858.0,63.83,Life-Threatening,18.0
XCOPRI,1841.0,1.9,Life-Threatening,16.0
RISANKIZUMAB,1837.0,0.49,Life-Threatening,10.0
ADBRY,1826.0,1.48,Life-Threatening,7.0
ACALABRUTINIB,1816.0,12.44,Life-Threatening,19.0
CIPROFLOXACIN,1788.0,4.19,Life-Threatening,97.0
LANADELUMAB,1781.0,2.41,Life-Threatening,62.0
VENLAFAXINE,1767.0,9.68,Life-Threatening,245.0
ZOLEDRONIC ACID,1759.0,4.43,Life-Threatening,56.0
DOXORUBICIN,1755.0,16.18,Life-Threatening,133.0
OPSUMIT,1746.0,14.09,Life-Threatening,7.0
BORTEZOMIB,1719.0,13.21,Life-Threatening,95.0
TREPROSTINIL,1706.0,15.47,Life-Threatening,17.0
HIZENTRA,1703.0,7.93,Life-Threatening,20.0
BASAGLAR,1687.0,0.47,Life-Threatening,2.0
VANCOMYCIN,1687.0,17.49,Life-Threatening,195.0
YERVOY,1676.0,29.12,Life-Threatening,122.0
DOCETAXEL,1667.0,13.5,Life-Threatening,99.0
AMBRISENTAN,1666.0,15.13,Life-Threatening,13.0
VOLTAREN ARTHRITIS PAIN,1659.0,0.66,Life-Threatening,1.0
LAMOTRIGINE,1650.0,7.52,Life-Threatening,192.0
RAMIPRIL,1647.0,1.52,Life-Threatening,87.0
LEQVIO,1632.0,3.37,Life-Threatening,24.0
LETROZOLE,1626.0,5.47,Life-Threatening,73.0
MINOXIDIL,1620.0,0.0,Life-Threatening,14.0
MEPOLIZUMAB,1619.0,7.6,Life-Threatening,38.0
GLASSIA,1608.0,7.15,Life-Threatening,13.0
PADCEV,1605.0,19.0,Life-Threatening,38.0
STRENSIQ,1598.0,1.44,Life-Threatening,14.0
DICLOFENAC,1596.0,15.23,Life-Threatening,112.0
VABYSMO,1590.0,10.63,Life-Threatening,9.0
MIRALAX,1578.0,0.38,Life-Threatening,1.0
DOXYCYCLINE,1569.0,5.8,Life-Threatening,85.0
OMEPRAZOLE,1568.0,4.85,Life-Threatening,76.0
TAVNEOS,1563.0,12.8,Life-Threatening,28.0
FLUOROURACIL,1554.0,7.79,Life-Threatening,112.0
PALYNZIQ,1540.0,0.32,Life-Threatening,38.0
CITALOPRAM,1532.0,50.39,Life-Threatening,116.0
OXYCODONE HYDROCHLORIDE,1528.0,23.17,Life-Threatening,64.0
CLOPIDOGREL,1527.0,10.67,Life-Threatening,151.0
TRAMADOL,1519.0,19.42,Life-Threatening,126.0
COBENFY,1518.0,1.25,Life-Threatening,9.0
AIMOVIG,1516.0,5.08,Life-Threatening,14.0
RUXIENCE,1516.0,6.73,Life-Threatening,27.0
GEMTESA,1500.0,6.07,Life-Threatening,1.0
LEQEMBI,1498.0,4.74,Life-Threatening,8.0
HYRIMOZ,1496.0,4.75,Life-Threatening,20.0
PANTOPRAZOLE,1494.0,7.97,Life-Threatening,160.0
AZITHROMYCIN,1491.0,7.65,Life-Threatening,116.0
CABENUVA,1477.0,1.9,Life-Threatening,8.0
ENTRESTO,1470.0,8.84,Life-Threatening,48.0
SYMBICORT,1466.0,1.36,Life-Threatening,52.0
GEMCITABINE,1465.0,13.24,Life-Threatening,83.0
FULVESTRANT,1456.0,14.08,Life-Threatening,65.0
RUXOLITINIB,1452.0,15.36,Life-Threatening,119.0
KISUNLA,1445.0,2.21,Life-Threatening,25.0
CAMZYOS,1416.0,2.97,Life-Threatening,19.0
AMOXICILLIN,1415.0,2.47,Life-Threatening,101.0
VYALEV,1402.0,7.85,Life-Threatening,4.0
XARELTO,1396.0,5.87,Life-Threatening,59.0
IXAZOMIB,1393.0,21.32,Life-Threatening,7.0
TRUVADA,1388.0,0.5,Life-Threatening,3.0
ALPRAZOLAM,1387.0,19.83,Life-Threatening,147.0
VELAGLUCERASE ALFA,1383.0,4.77,Life-Threatening,22.0
AVASTIN,1383.0,28.2,Life-Threatening,17.0
TRIKAFTA,1375.0,2.55,Life-Threatening,14.0
UBLITUXIMAB,1364.0,0.81,Life-Threatening,1.0
INVEGA SUSTENNA,1358.0,1.25,Life-Threatening,15.0
AVONEX,1343.0,3.87,Life-Threatening,9.0
BOTOX COSMETIC,1339.0,0.07,Life-Threatening,2.0
RYBREVANT,1334.0,7.12,Life-Threatening,24.0
RILPIVIRINE,1332.0,1.05,Life-Threatening,11.0
NEXPLANON,1326.0,0.15,Life-Threatening,17.0
SYNTHROID,1317.0,21.94,Life-Threatening,16.0
RISPERIDONE,1313.0,5.86,Life-Threatening,105.0
FARXIGA,1309.0,18.26,Life-Threatening,25.0
MIRTAZAPINE,1305.0,10.27,Life-Threatening,112.0
OMALIZUMAB,1303.0,1.23,Life-Threatening,39.0
QINLOCK,1302.0,6.37,Life-Threatening,3.0
LEVOFLOXACIN,1299.0,5.47,Life-Threatening,84.0
LYNPARZA,1294.0,13.6,Life-Threatening,44.0
ESTRADIOL TRANSDERMAL SYSTEM,1279.0,0.0,Life-Threatening,1.0
DUPILUMAB,1278.0,2.27,Life-Threatening,12.0
TAVALISSE,1269.0,6.78,Life-Threatening,5.0
WINREVAIR,1261.0,3.89,Life-Threatening,12.0
LANTUS,1259.0,0.64,Life-Threatening,8.0
LINEZOLID,1257.0,9.86,Life-Threatening,120.0
TADALAFIL,1251.0,11.99,Life-Threatening,26.0
TERIPARATIDE,1238.0,3.23,Life-Threatening,5.0
AJOVY,1238.0,1.45,Life-Threatening,8.0
EZETIMIBE,1236.0,1.54,Life-Threatening,55.0
VOQUEZNA,1229.0,2.69,Life-Threatening,1.0
IMATINIB,1227.0,7.25,Life-Threatening,57.0
XYREM,1191.0,0.42,Life-Threatening,2.0
DIAZEPAM,1186.0,13.49,Life-Threatening,148.0
NIVOLUMAB,1177.0,14.19,Life-Threatening,113.0
UPADACITINIB,1177.0,1.44,Life-Threatening,23.0
BUPRENORPHINE,1174.0,33.65,Life-Threatening,38.0
TECFIDERA,1163.0,2.06,Life-Threatening,22.0
FINTEPLA,1162.0,1.98,Life-Threatening,9.0
PEMETREXED,1158.0,14.16,Life-Threatening,99.0
RISPERDAL,1151.0,1.91,Life-Threatening,40.0
ACTEMRA ACTPEN,1150.0,4.87,Life-Threatening,1.0
ETOPOSIDE,1149.0,22.63,Life-Threatening,135.0
TEZEPELUMAB,1146.0,13.44,Life-Threatening,18.0
"DEXTROAMPHETAMINE SACCHARATE, AMPHETAMINE ASPARTATE, DEXTROAMPHETAMINE SULFATE AND AMPHETAMINE SULFATE",1140.0,13.6,Life-Threatening,8.0
ARIKAYCE,1125.0,14.04,Life-Threatening,8.0
RYBELSUS,1122.0,2.85,Life-Threatening,19.0
NOVOLOG,1120.0,4.73,Life-Threatening,7.0
XPHOZAH,1117.0,15.85,Life-Threatening,3.0
ERLEADA,1113.0,10.87,Life-Threatening,22.0
LENVATINIB,1111.0,8.91,Life-Threatening,22.0
BRUKINSA,1101.0,8.9,Life-Threatening,32.0
AMIODARONE,1095.0,9.86,Life-Threatening,208.0
ZEPOSIA,1088.0,2.02,Life-Threatening,20.0
METRONIDAZOLE,1085.0,6.45,Life-Threatening,76.0
OPZELURA,1079.0,0.09,Life-Threatening,3.0
FUROSEMIDE,1073.0,7.92,Life-Threatening,69.0
ZYRTEC,1064.0,0.19,Life-Threatening,1.0
QUETIAPINE FUMARATE,1063.0,12.23,Life-Threatening,93.0
RUCONEST,1053.0,0.19,Life-Threatening,2.0
KEPPRA,1053.0,1.52,Life-Threatening,9.0
OXYCONTIN,1053.0,24.98,Life-Threatening,22.0
ESCITALOPRAM,1052.0,7.51,Life-Threatening,169.0
GUSELKUMAB,1042.0,0.19,Life-Threatening,1.0
ADEMPAS,1042.0,31.38,Life-Threatening,3.0
AZACITIDINE,1038.0,33.43,Life-Threatening,81.0
TOUJEO,1034.0,0.48,Life-Threatening,5.0
DUPIXENT,125677.0,0.38,No Outcome Reported,114206.0
VEDOLIZUMAB,48278.0,1.29,No Outcome Reported,632.0
ZEPBOUND,30098.0,0.17,No Outcome Reported,28406.0
MOUNJARO,27901.0,1.0,No Outcome Reported,18768.0
SKYRIZI,19963.0,3.63,No Outcome Reported,3321.0
RINVOQ,15046.0,4.11,No Outcome Reported,2229.0
ORGOVYX,14813.0,2.85,No Outcome Reported,11338.0
OZEMPIC,14766.0,1.32,No Outcome Reported,6904.0
REVLIMID,13432.0,5.59,No Outcome Reported,8049.0
HUMIRA,11402.0,6.37,No Outcome Reported,4036.0
LENALIDOMIDE,10962.0,7.48,No Outcome Reported,4594.0
NUPLAZID,10582.0,19.22,No Outcome Reported,4378.0
BIMZELX,10225.0,0.4,No Outcome Reported,8425.0
GENOTROPIN,10000.0,0.21,No Outcome Reported,9639.0
HUMAN IMMUNOGLOBULIN G,9696.0,6.1,No Outcome Reported,439.0
POMALYST,8464.0,7.44,No Outcome Reported,4504.0
RITUXIMAB,8373.0,16.31,No Outcome Reported,354.0
ORENCIA,8264.0,4.5,No Outcome Reported,5991.0
DAPAGLIFLOZIN,8019.0,38.38,No Outcome Reported,61.0
CIMZIA,7893.0,2.53,No Outcome Reported,4658.0
KEYTRUDA,7675.0,19.4,No Outcome Reported,825.0
ACETAMINOPHEN,7539.0,23.89,No Outcome Reported,833.0
ALBUTEROL SULFATE,7409.0,0.2,No Outcome Reported,7033.0
TEDUGLUTIDE,7346.0,6.34,No Outcome Reported,409.0
METHOTREXATE,7236.0,10.95,No Outcome Reported,293.0
NEMLUVIO,6946.0,0.71,No Outcome Reported,6590.0
REPATHA,6903.0,2.65,No Outcome Reported,4785.0
ELIQUIS,6716.0,14.55,No Outcome Reported,2987.0
PREDNISONE,6660.0,14.35,No Outcome Reported,445.0
TYVASO DPI,6498.0,2.91,No Outcome Reported,4259.0
SPRAVATO,6469.0,2.41,No Outcome Reported,1299.0
LANTUS SOLOSTAR,6408.0,0.17,No Outcome Reported,5960.0
CORTICOTROPIN,6358.0,1.65,No Outcome Reported,3988.0
TYMLOS,6287.0,1.26,No Outcome Reported,4754.0
COSENTYX,6172.0,7.29,No Outcome Reported,2986.0
JAKAFI,6171.0,7.08,No Outcome Reported,3783.0
REMODULIN,5964.0,4.64,No Outcome Reported,3160.0
ELIGARD,5844.0,14.25,No Outcome Reported,4198.0
TREMFYA,5681.0,1.25,No Outcome Reported,4183.0
MYCOPHENOLATE MOFETIL,5676.0,14.62,No Outcome Reported,468.0
CARBOPLATIN,5619.0,12.01,No Outcome Reported,118.0
NUCALA,5563.0,2.12,No Outcome Reported,4449.0
ADALIMUMAB,5417.0,12.04,No Outcome Reported,405.0
WEGOVY,5276.0,0.66,No Outcome Reported,2184.0
XELJANZ XR,5243.0,1.64,No Outcome Reported,3073.0
CABOMETYX,5233.0,5.03,No Outcome Reported,3375.0
IBRANCE,5179.0,10.74,No Outcome Reported,2401.0
TACROLIMUS,5147.0,12.98,No Outcome Reported,449.0
XOLAIR,5086.0,0.92,No Outcome Reported,3419.0
TYLENOL,4981.0,0.92,No Outcome Reported,3743.0
INFLIXIMAB,4638.0,4.05,No Outcome Reported,103.0
OCREVUS,4572.0,2.01,No Outcome Reported,2242.0
BENLYSTA,4541.0,0.7,No Outcome Reported,2723.0
ATORVASTATIN,4512.0,3.81,No Outcome Reported,177.0
FINASTERIDE,4420.0,2.17,No Outcome Reported,2905.0
SIMPONI,4419.0,1.45,No Outcome Reported,1987.0
CLOZARIL,4413.0,20.24,No Outcome Reported,19.0
TRULICITY,4339.0,1.06,No Outcome Reported,2923.0
LEVETIRACETAM,4253.0,4.21,No Outcome Reported,665.0
CREON,4211.0,9.4,No Outcome Reported,517.0
KEVZARA,4207.0,1.85,No Outcome Reported,3188.0
HUMAN IMMUNOGLOBULIN G\HYALURONIDASE RECOMBINANT HUMAN,4183.0,6.65,No Outcome Reported,558.0
KESIMPTA,4162.0,1.59,No Outcome Reported,1121.0
IBUPROFEN,4159.0,4.3,No Outcome Reported,539.0
TYVASO,4114.0,6.27,No Outcome Reported,2086.0
CLOZAPINE,4085.0,14.91,No Outcome Reported,482.0
ULTOMIRIS,4018.0,9.81,No Outcome Reported,828.0
HUMALOG,3909.0,0.72,No Outcome Reported,3133.0
INFLECTRA,3898.0,1.56,No Outcome Reported,195.0
DEXAMETHASONE,3854.0,12.9,No Outcome Reported,76.0
STELARA,3850.0,1.97,No Outcome Reported,2512.0
METFORMIN,3812.0,10.49,No Outcome Reported,283.0
BEVACIZUMAB,3700.0,19.68,No Outcome Reported,180.0
CARBIDOPA\LEVODOPA,3658.0,33.41,No Outcome Reported,297.0
MIRENA,3573.0,0.11,No Outcome Reported,2753.0
VENCLEXTA,3493.0,30.52,No Outcome Reported,168.0
PLUVICTO,3478.0,9.03,No Outcome Reported,2716.0
SERTRALINE,3456.0,5.15,No Outcome Reported,153.0
TYSABRI,3410.0,4.19,No Outcome Reported,1680.0
OXALIPLATIN,3388.0,10.24,No Outcome Reported,49.0
REMICADE,3329.0,3.09,No Outcome Reported,416.0
CERTOLIZUMAB PEGOL,3308.0,2.33,No Outcome Reported,90.0
OXERVATE,3307.0,0.91,No Outcome Reported,3048.0
OSIMERTINIB,3302.0,40.31,No Outcome Reported,15.0
PARAGARD T 380A,3287.0,0.09,No Outcome Reported,493.0
EMGALITY,3277.0,0.18,No Outcome Reported,2944.0
ENBREL,3258.0,5.22,No Outcome Reported,1816.0
LENVIMA,3245.0,6.59,No Outcome Reported,189.0
TRELEGY ELLIPTA,3151.0,4.79,No Outcome Reported,2351.0
PREGABALIN,3136.0,11.19,No Outcome Reported,253.0
ORENITRAM,3128.0,2.43,No Outcome Reported,1896.0
OMNITROPE,3053.0,0.39,No Outcome Reported,2714.0
GABAPENTIN,2974.0,10.02,No Outcome Reported,680.0
ALBUTEROL,2973.0,2.76,No Outcome Reported,2347.0
XYWAV,2945.0,0.54,No Outcome Reported,78.0
PEMBROLIZUMAB,2938.0,12.76,No Outcome Reported,351.0
BOTOX,2931.0,10.92,No Outcome Reported,1753.0
EPIDIOLEX,2929.0,16.32,No Outcome Reported,62.0
METHOTREXATE SODIUM,2898.0,4.87,No Outcome Reported,552.0
PROLIA,2872.0,17.79,No Outcome Reported,830.0
TALTZ,2840.0,1.65,No Outcome Reported,2239.0
AMLODIPINE,2835.0,9.1,No Outcome Reported,90.0
BREZTRI,2817.0,4.54,No Outcome Reported,2111.0
OLANZAPINE,2817.0,7.06,No Outcome Reported,184.0
FILSPARI,2784.0,0.54,No Outcome Reported,2292.0
XELJANZ,2776.0,3.42,No Outcome Reported,1380.0
OPDIVO,2760.0,20.54,No Outcome Reported,521.0
ACTEMRA,2749.0,9.6,No Outcome Reported,1190.0
IMBRUVICA,2741.0,16.6,No Outcome Reported,99.0
DAYBUE,2733.0,0.51,No Outcome Reported,2023.0
FOSCARBIDOPA\FOSLEVODOPA,2718.0,17.26,No Outcome Reported,157.0
OFEV,2673.0,19.72,No Outcome Reported,444.0
OTEZLA,2672.0,2.17,No Outcome Reported,1963.0
PAXLOVID,2663.0,1.35,No Outcome Reported,2254.0
KISQALI,2661.0,11.39,No Outcome Reported,539.0
PREDNISOLONE,2629.0,12.02,No Outcome Reported,105.0
VERZENIO,2613.0,4.4,No Outcome Reported,1811.0
PACLITAXEL,2521.0,7.3,No Outcome Reported,57.0
BIMEKIZUMAB,2512.0,1.07,No Outcome Reported,105.0
AYVAKIT,2423.0,2.02,No Outcome Reported,1779.0
SOLIRIS,2420.0,17.27,No Outcome Reported,289.0
LUPKYNIS,2417.0,0.37,No Outcome Reported,2003.0
ARIPIPRAZOLE,2377.0,7.15,No Outcome Reported,209.0
FENFLURAMINE,2373.0,0.0,No Outcome Reported,14.0
XOLAIR PFS,2373.0,1.31,No Outcome Reported,1896.0
HEMLIBRA,2360.0,4.19,No Outcome Reported,1600.0
CYCLOSPORINE,2357.0,14.59,No Outcome Reported,212.0
DURVALUMAB,2353.0,39.91,No Outcome Reported,37.0
CONTRAVE,2350.0,0.09,No Outcome Reported,2130.0
CYCLOPHOSPHAMIDE,2341.0,15.85,No Outcome Reported,56.0
ESTRADIOL,2341.0,0.21,No Outcome Reported,1975.0
APIXABAN,2291.0,11.35,No Outcome Reported,118.0
JARDIANCE,2227.0,4.63,No Outcome Reported,895.0
TRASTUZUMAB,2222.0,10.08,No Outcome Reported,26.0
ISOTRETINOIN,2203.0,0.59,No Outcome Reported,1530.0
DEPO-PROVERA,2177.0,0.46,No Outcome Reported,186.0
ENHERTU,2176.0,28.86,No Outcome Reported,377.0
IMFINZI,2176.0,34.19,No Outcome Reported,59.0
BENRALIZUMAB,2172.0,16.57,No Outcome Reported,43.0
QUETIAPINE,2140.0,10.75,No Outcome Reported,52.0
IDURSULFASE,2127.0,6.96,No Outcome Reported,27.0
VYEPTI,2122.0,0.85,No Outcome Reported,1382.0
VUMERITY,2119.0,3.82,No Outcome Reported,1294.0
FENTANYL,2104.0,55.23,No Outcome Reported,187.0
TECENTRIQ,2103.0,37.33,No Outcome Reported,48.0
NEULASTA,2081.0,1.2,No Outcome Reported,1960.0
MAVENCLAD,2062.0,1.36,No Outcome Reported,527.0
ADVATE,2049.0,0.54,No Outcome Reported,27.0
OLAPARIB,2023.0,23.63,No Outcome Reported,21.0
CAPECITABINE,2020.0,13.76,No Outcome Reported,173.0
TOLVAPTAN,2018.0,11.5,No Outcome Reported,796.0
PONATINIB,2014.0,13.46,No Outcome Reported,176.0
ROSUVASTATIN,2013.0,1.79,No Outcome Reported,156.0
EVENITY,2012.0,4.08,No Outcome Reported,740.0
FASENRA,2002.0,7.14,No Outcome Reported,872.0
VENETOCLAX,1977.0,21.24,No Outcome Reported,32.0
ICATIBANT,1974.0,0.61,No Outcome Reported,125.0
TAGRISSO,1968.0,19.16,No Outcome Reported,144.0
ENTYVIO,1964.0,2.19,No Outcome Reported,890.0
FRUQUINTINIB,1961.0,36.82,No Outcome Reported,10.0
CARVYKTI,1932.0,9.11,No Outcome Reported,636.0
VYNDAMAX,1916.0,28.81,No Outcome Reported,418.0
TEZSPIRE,1877.0,3.62,No Outcome Reported,1002.0
BUDESONIDE\FORMOTEROL\GLYCOPYRRONIUM,1858.0,63.83,No Outcome Reported,77.0
XCOPRI,1841.0,1.9,No Outcome Reported,1274.0
RISANKIZUMAB,1837.0,0.49,No Outcome Reported,1399.0
ADBRY,1826.0,1.48,No Outcome Reported,1533.0
ACALABRUTINIB,1816.0,12.44,No Outcome Reported,11.0
CIPROFLOXACIN,1788.0,4.19,No Outcome Reported,114.0
LANADELUMAB,1781.0,2.41,No Outcome Reported,140.0
VENLAFAXINE,1767.0,9.68,No Outcome Reported,94.0
ZOLEDRONIC ACID,1759.0,4.43,No Outcome Reported,46.0
DOXORUBICIN,1755.0,16.18,No Outcome Reported,35.0
OPSUMIT,1746.0,14.09,No Outcome Reported,622.0
VEVYE,1729.0,0.0,No Outcome Reported,1714.0
BORTEZOMIB,1719.0,13.21,No Outcome Reported,22.0
TREPROSTINIL,1706.0,15.47,No Outcome Reported,126.0
HIZENTRA,1703.0,7.93,No Outcome Reported,646.0
BASAGLAR,1687.0,0.47,No Outcome Reported,1359.0
VANCOMYCIN,1687.0,17.49,No Outcome Reported,147.0
YERVOY,1676.0,29.12,No Outcome Reported,83.0
DOCETAXEL,1667.0,13.5,No Outcome Reported,111.0
AMBRISENTAN,1666.0,15.13,No Outcome Reported,316.0
VOLTAREN ARTHRITIS PAIN,1659.0,0.66,No Outcome Reported,1641.0
LAMOTRIGINE,1650.0,7.52,No Outcome Reported,132.0
RAMIPRIL,1647.0,1.52,No Outcome Reported,1006.0
LEQVIO,1632.0,3.37,No Outcome Reported,862.0
LETROZOLE,1626.0,5.47,No Outcome Reported,59.0
MINOXIDIL,1620.0,0.0,No Outcome Reported,1514.0
MEPOLIZUMAB,1619.0,7.6,No Outcome Reported,139.0
GLASSIA,1608.0,7.15,No Outcome Reported,85.0
PADCEV,1605.0,19.0,No Outcome Reported,202.0
STRENSIQ,1598.0,1.44,No Outcome Reported,471.0
DICLOFENAC,1596.0,15.23,No Outcome Reported,294.0
VABYSMO,1590.0,10.63,No Outcome Reported,424.0
MIRALAX,1578.0,0.38,No Outcome Reported,1509.0
DOXYCYCLINE,1569.0,5.8,No Outcome Reported,225.0
OMEPRAZOLE,1568.0,4.85,No Outcome Reported,248.0
TAVNEOS,1563.0,12.8,No Outcome Reported,168.0
FLUOROURACIL,1554.0,7.79,No Outcome Reported,154.0
PALYNZIQ,1540.0,0.32,No Outcome Reported,1227.0
CITALOPRAM,1532.0,50.39,No Outcome Reported,43.0
OXYCODONE HYDROCHLORIDE,1528.0,23.17,No Outcome Reported,562.0
CLOPIDOGREL,1527.0,10.67,No Outcome Reported,130.0
TRAMADOL,1519.0,19.42,No Outcome Reported,59.0
COBENFY,1518.0,1.25,No Outcome Reported,1171.0
AIMOVIG,1516.0,5.08,No Outcome Reported,980.0
RUXIENCE,1516.0,6.73,No Outcome Reported,52.0
GEMTESA,1500.0,6.07,No Outcome Reported,1152.0
LEQEMBI,1498.0,4.74,No Outcome Reported,765.0
HYRIMOZ,1496.0,4.75,No Outcome Reported,606.0
PANTOPRAZOLE,1494.0,7.97,No Outcome Reported,64.0
AZITHROMYCIN,1491.0,7.65,No Outcome Reported,189.0
CABENUVA,1477.0,1.9,No Outcome Reported,1089.0
ENTRESTO,1470.0,8.84,No Outcome Reported,212.0
SYMBICORT,1466.0,1.36,No Outcome Reported,744.0
GEMCITABINE,1465.0,13.24,No Outcome Reported,109.0
FULVESTRANT,1456.0,14.08,No Outcome Reported,30.0
RUXOLITINIB,1452.0,15.36,No Outcome Reported,17.0
KISUNLA,1445.0,2.21,No Outcome Reported,730.0
CAMZYOS,1416.0,2.97,No Outcome Reported,933.0
AMOXICILLIN,1415.0,2.47,No Outcome Reported,140.0
VYALEV,1402.0,7.85,No Outcome Reported,557.0
XARELTO,1396.0,5.87,No Outcome Reported,317.0
IXAZOMIB,1393.0,21.32,No Outcome Reported,55.0
TRUVADA,1388.0,0.5,No Outcome Reported,291.0
ALPRAZOLAM,1387.0,19.83,No Outcome Reported,134.0
VELAGLUCERASE ALFA,1383.0,4.77,No Outcome Reported,51.0
AVASTIN,1383.0,28.2,No Outcome Reported,253.0
CAPLYTA,1381.0,0.94,No Outcome Reported,1060.0
TRIKAFTA,1375.0,2.55,No Outcome Reported,784.0
UBLITUXIMAB,1364.0,0.81,No Outcome Reported,1104.0
INVEGA SUSTENNA,1358.0,1.25,No Outcome Reported,855.0
AVONEX,1343.0,3.87,No Outcome Reported,662.0
BOTOX COSMETIC,1339.0,0.07,No Outcome Reported,1289.0
RYBREVANT,1334.0,7.12,No Outcome Reported,425.0
RILPIVIRINE,1332.0,1.05,No Outcome Reported,1055.0
NEXPLANON,1326.0,0.15,No Outcome Reported,29.0
LUMRYZ,1319.0,0.15,No Outcome Reported,1139.0
SYNTHROID,1317.0,21.94,No Outcome Reported,550.0
HEMANGEOL,1313.0,0.08,No Outcome Reported,1287.0
RISPERIDONE,1313.0,5.86,No Outcome Reported,133.0
FARXIGA,1309.0,18.26,No Outcome Reported,586.0
MIRTAZAPINE,1305.0,10.27,No Outcome Reported,59.0
OMALIZUMAB,1303.0,1.23,No Outcome Reported,13.0
QINLOCK,1302.0,6.37,No Outcome Reported,634.0
LEVOFLOXACIN,1299.0,5.47,No Outcome Reported,98.0
LYNPARZA,1294.0,13.6,No Outcome Reported,147.0
ESTRADIOL TRANSDERMAL SYSTEM,1279.0,0.0,No Outcome Reported,1260.0
DUPILUMAB,1278.0,2.27,No Outcome Reported,602.0
TAVALISSE,1269.0,6.78,No Outcome Reported,832.0
WINREVAIR,1261.0,3.89,No Outcome Reported,605.0
LANTUS,1259.0,0.64,No Outcome Reported,1114.0
LINEZOLID,1257.0,9.86,No Outcome Reported,113.0
TADALAFIL,1251.0,11.99,No Outcome Reported,296.0
TERIPARATIDE,1238.0,3.23,No Outcome Reported,716.0
AJOVY,1238.0,1.45,No Outcome Reported,634.0
EZETIMIBE,1236.0,1.54,No Outcome Reported,231.0
ACOLTREMON,1232.0,0.0,No Outcome Reported,1215.0
VOQUEZNA,1229.0,2.69,No Outcome Reported,1106.0
IMATINIB,1227.0,7.25,No Outcome Reported,100.0
XDEMVY,1200.0,0.75,No Outcome Reported,1124.0
XYREM,1191.0,0.42,No Outcome Reported,19.0
DIAZEPAM,1186.0,13.49,No Outcome Reported,84.0
QSYMIA,1182.0,0.25,No Outcome Reported,1113.0
NIVOLUMAB,1177.0,14.19,No Outcome Reported,57.0
UPADACITINIB,1177.0,1.44,No Outcome Reported,599.0
BUPRENORPHINE,1174.0,33.65,No Outcome Reported,242.0
TECFIDERA,1163.0,2.06,No Outcome Reported,596.0
FINTEPLA,1162.0,1.98,No Outcome Reported,61.0
PEMETREXED,1158.0,14.16,No Outcome Reported,11.0
RISPERDAL,1151.0,1.91,No Outcome Reported,670.0
ACTEMRA ACTPEN,1150.0,4.87,No Outcome Reported,843.0
ETOPOSIDE,1149.0,22.63,No Outcome Reported,18.0
TEZEPELUMAB,1146.0,13.44,No Outcome Reported,27.0
"DEXTROAMPHETAMINE SACCHARATE, AMPHETAMINE ASPARTATE, DEXTROAMPHETAMINE SULFATE AND AMPHETAMINE SULFATE",1140.0,13.6,No Outcome Reported,657.0
ARIKAYCE,1125.0,14.04,No Outcome Reported,201.0
RYBELSUS,1122.0,2.85,No Outcome Reported,332.0
NOVOLOG,1120.0,4.73,No Outcome Reported,224.0
XPHOZAH,1117.0,15.85,No Outcome Reported,675.0
ERLEADA,1113.0,10.87,No Outcome Reported,347.0
LENVATINIB,1111.0,8.91,No Outcome Reported,17.0
BRUKINSA,1101.0,8.9,No Outcome Reported,250.0
AMIODARONE,1095.0,9.86,No Outcome Reported,24.0
ZEPOSIA,1088.0,2.02,No Outcome Reported,817.0
METRONIDAZOLE,1085.0,6.45,No Outcome Reported,109.0
OPZELURA,1079.0,0.09,No Outcome Reported,949.0
FUROSEMIDE,1073.0,7.92,No Outcome Reported,48.0
ZYRTEC,1064.0,0.19,No Outcome Reported,921.0
SLYND,1063.0,0.0,No Outcome Reported,1015.0
QUETIAPINE FUMARATE,1063.0,12.23,No Outcome Reported,111.0
RUCONEST,1053.0,0.19,No Outcome Reported,782.0
KEPPRA,1053.0,1.52,No Outcome Reported,507.0
OXYCONTIN,1053.0,24.98,No Outcome Reported,152.0
ESCITALOPRAM,1052.0,7.51,No Outcome Reported,96.0
GUSELKUMAB,1042.0,0.19,No Outcome Reported,972.0
ADEMPAS,1042.0,31.38,No Outcome Reported,142.0
AZACITIDINE,1038.0,33.43,No Outcome Reported,7.0
TOUJEO,1034.0,0.48,No Outcome Reported,888.0
DUPIXENT,125677.0,0.38,Other Serious,5914.0
VEDOLIZUMAB,48278.0,1.29,Other Serious,34106.0
ZEPBOUND,30098.0,0.17,Other Serious,930.0
MOUNJARO,27901.0,1.0,Other Serious,5463.0
SKYRIZI,19963.0,3.63,Other Serious,10287.0
RINVOQ,15046.0,4.11,Other Serious,7616.0
ORGOVYX,14813.0,2.85,Other Serious,1671.0
OZEMPIC,14766.0,1.32,Other Serious,4313.0
REVLIMID,13432.0,5.59,Other Serious,2696.0
HUMIRA,11402.0,6.37,Other Serious,3980.0
LENALIDOMIDE,10962.0,7.48,Other Serious,2700.0
NUPLAZID,10582.0,19.22,Other Serious,3026.0
BIMZELX,10225.0,0.4,Other Serious,1300.0
GENOTROPIN,10000.0,0.21,Other Serious,242.0
HUMAN IMMUNOGLOBULIN G,9696.0,6.1,Other Serious,4555.0
POMALYST,8464.0,7.44,Other Serious,1689.0
RITUXIMAB,8373.0,16.31,Other Serious,4285.0
ORENCIA,8264.0,4.5,Other Serious,1000.0
DAPAGLIFLOZIN,8019.0,38.38,Other Serious,3080.0
CIMZIA,7893.0,2.53,Other Serious,2580.0
KEYTRUDA,7675.0,19.4,Other Serious,2826.0
ACETAMINOPHEN,7539.0,23.89,Other Serious,1597.0
ALBUTEROL SULFATE,7409.0,0.2,Other Serious,210.0
TEDUGLUTIDE,7346.0,6.34,Other Serious,1180.0
METHOTREXATE,7236.0,10.95,Other Serious,3431.0
NEMLUVIO,6946.0,0.71,Other Serious,138.0
REPATHA,6903.0,2.65,Other Serious,1227.0
ELIQUIS,6716.0,14.55,Other Serious,1521.0
PREDNISONE,6660.0,14.35,Other Serious,3094.0
TYVASO DPI,6498.0,2.91,Other Serious,698.0
SPRAVATO,6469.0,2.41,Other Serious,4139.0
LANTUS SOLOSTAR,6408.0,0.17,Other Serious,304.0
CORTICOTROPIN,6358.0,1.65,Other Serious,1613.0
TYMLOS,6287.0,1.26,Other Serious,950.0
COSENTYX,6172.0,7.29,Other Serious,1726.0
JAKAFI,6171.0,7.08,Other Serious,1077.0
REMODULIN,5964.0,4.64,Other Serious,582.0
ELIGARD,5844.0,14.25,Other Serious,495.0
TREMFYA,5681.0,1.25,Other Serious,1056.0
MYCOPHENOLATE MOFETIL,5676.0,14.62,Other Serious,2457.0
CARBOPLATIN,5619.0,12.01,Other Serious,2303.0
TISLELIZUMAB,5583.0,0.52,Other Serious,2522.0
NUCALA,5563.0,2.12,Other Serious,423.0
ADALIMUMAB,5417.0,12.04,Other Serious,2960.0
WEGOVY,5276.0,0.66,Other Serious,2011.0
XELJANZ XR,5243.0,1.64,Other Serious,1489.0
CABOMETYX,5233.0,5.03,Other Serious,1075.0
IBRANCE,5179.0,10.74,Other Serious,1581.0
TACROLIMUS,5147.0,12.98,Other Serious,1990.0
XOLAIR,5086.0,0.92,Other Serious,982.0
TYLENOL,4981.0,0.92,Other Serious,1123.0
INFLIXIMAB,4638.0,4.05,Other Serious,2879.0
OCREVUS,4572.0,2.01,Other Serious,1245.0
BENLYSTA,4541.0,0.7,Other Serious,1511.0
ATORVASTATIN,4512.0,3.81,Other Serious,2546.0
FINASTERIDE,4420.0,2.17,Other Serious,895.0
SIMPONI,4419.0,1.45,Other Serious,1603.0
CLOZARIL,4413.0,20.24,Other Serious,1094.0
TRULICITY,4339.0,1.06,Other Serious,682.0
LEVETIRACETAM,4253.0,4.21,Other Serious,1938.0
CREON,4211.0,9.4,Other Serious,2151.0
KEVZARA,4207.0,1.85,Other Serious,678.0
HUMAN IMMUNOGLOBULIN G\HYALURONIDASE RECOMBINANT HUMAN,4183.0,6.65,Other Serious,1493.0
KESIMPTA,4162.0,1.59,Other Serious,2108.0
IBUPROFEN,4159.0,4.3,Other Serious,1500.0
TYVASO,4114.0,6.27,Other Serious,502.0
CLOZAPINE,4085.0,14.91,Other Serious,1293.0
ULTOMIRIS,4018.0,9.81,Other Serious,1666.0
HUMALOG,3909.0,0.72,Other Serious,358.0
INFLECTRA,3898.0,1.56,Other Serious,2537.0
DEXAMETHASONE,3854.0,12.9,Other Serious,1922.0
STELARA,3850.0,1.97,Other Serious,843.0
METFORMIN,3812.0,10.49,Other Serious,1013.0
BEVACIZUMAB,3700.0,19.68,Other Serious,1905.0
CARBIDOPA\LEVODOPA,3658.0,33.41,Other Serious,647.0
MIRENA,3573.0,0.11,Other Serious,610.0
VENCLEXTA,3493.0,30.52,Other Serious,1043.0
PLUVICTO,3478.0,9.03,Other Serious,303.0
SERTRALINE,3456.0,5.15,Other Serious,1237.0
TYSABRI,3410.0,4.19,Other Serious,681.0
OXALIPLATIN,3388.0,10.24,Other Serious,1587.0
REMICADE,3329.0,3.09,Other Serious,2011.0
CERTOLIZUMAB PEGOL,3308.0,2.33,Other Serious,2505.0
OXERVATE,3307.0,0.91,Other Serious,69.0
OSIMERTINIB,3302.0,40.31,Other Serious,1319.0
PARAGARD T 380A,3287.0,0.09,Other Serious,2706.0
EMGALITY,3277.0,0.18,Other Serious,208.0
ENBREL,3258.0,5.22,Other Serious,779.0
LENVIMA,3245.0,6.59,Other Serious,693.0
TRELEGY ELLIPTA,3151.0,4.79,Other Serious,269.0
PREGABALIN,3136.0,11.19,Other Serious,1285.0
ORENITRAM,3128.0,2.43,Other Serious,379.0
OMNITROPE,3053.0,0.39,Other Serious,224.0
GABAPENTIN,2974.0,10.02,Other Serious,1141.0
ALBUTEROL,2973.0,2.76,Other Serious,274.0
XYWAV,2945.0,0.54,Other Serious,2029.0
PEMBROLIZUMAB,2938.0,12.76,Other Serious,1276.0
BOTOX,2931.0,10.92,Other Serious,503.0
EPIDIOLEX,2929.0,16.32,Other Serious,564.0
METHOTREXATE SODIUM,2898.0,4.87,Other Serious,1370.0
PROLIA,2872.0,17.79,Other Serious,1122.0
TALTZ,2840.0,1.65,Other Serious,338.0
AMLODIPINE,2835.0,9.1,Other Serious,1273.0
BREZTRI,2817.0,4.54,Other Serious,373.0
OLANZAPINE,2817.0,7.06,Other Serious,982.0
FILSPARI,2784.0,0.54,Other Serious,296.0
XELJANZ,2776.0,3.42,Other Serious,928.0
OPDIVO,2760.0,20.54,Other Serious,789.0
ACTEMRA,2749.0,9.6,Other Serious,856.0
IMBRUVICA,2741.0,16.6,Other Serious,1281.0
DAYBUE,2733.0,0.51,Other Serious,403.0
FOSCARBIDOPA\FOSLEVODOPA,2718.0,17.26,Other Serious,497.0
OFEV,2673.0,19.72,Other Serious,566.0
OTEZLA,2672.0,2.17,Other Serious,431.0
PAXLOVID,2663.0,1.35,Other Serious,197.0
KISQALI,2661.0,11.39,Other Serious,1139.0
PREDNISOLONE,2629.0,12.02,Other Serious,1274.0
VERZENIO,2613.0,4.4,Other Serious,383.0
PACLITAXEL,2521.0,7.3,Other Serious,1183.0
BIMEKIZUMAB,2512.0,1.07,Other Serious,1758.0
AYVAKIT,2423.0,2.02,Other Serious,391.0
SOLIRIS,2420.0,17.27,Other Serious,890.0
LUPKYNIS,2417.0,0.37,Other Serious,259.0
ARIPIPRAZOLE,2377.0,7.15,Other Serious,906.0
FENFLURAMINE,2373.0,0.0,Other Serious,1295.0
XOLAIR PFS,2373.0,1.31,Other Serious,299.0
HEMLIBRA,2360.0,4.19,Other Serious,229.0
CYCLOSPORINE,2357.0,14.59,Other Serious,1206.0
DURVALUMAB,2353.0,39.91,Other Serious,902.0
CONTRAVE,2350.0,0.09,Other Serious,167.0
CYCLOPHOSPHAMIDE,2341.0,15.85,Other Serious,829.0
ESTRADIOL,2341.0,0.21,Other Serious,239.0
APIXABAN,2291.0,11.35,Other Serious,814.0
JARDIANCE,2227.0,4.63,Other Serious,417.0
TRASTUZUMAB,2222.0,10.08,Other Serious,1288.0
ISOTRETINOIN,2203.0,0.59,Other Serious,566.0
DEPO-PROVERA,2177.0,0.46,Other Serious,1829.0
ENHERTU,2176.0,28.86,Other Serious,736.0
IMFINZI,2176.0,34.19,Other Serious,901.0
BENRALIZUMAB,2172.0,16.57,Other Serious,1009.0
QUETIAPINE,2140.0,10.75,Other Serious,745.0
IDURSULFASE,2127.0,6.96,Other Serious,641.0
VYEPTI,2122.0,0.85,Other Serious,493.0
VUMERITY,2119.0,3.82,Other Serious,323.0
FENTANYL,2104.0,55.23,Other Serious,357.0
TECENTRIQ,2103.0,37.33,Other Serious,652.0
NEULASTA,2081.0,1.2,Other Serious,47.0
MAVENCLAD,2062.0,1.36,Other Serious,1078.0
ADVATE,2049.0,0.54,Other Serious,1384.0
OLAPARIB,2023.0,23.63,Other Serious,1135.0
CAPECITABINE,2020.0,13.76,Other Serious,769.0
TOLVAPTAN,2018.0,11.5,Other Serious,652.0
PONATINIB,2014.0,13.46,Other Serious,591.0
ROSUVASTATIN,2013.0,1.79,Other Serious,1179.0
EVENITY,2012.0,4.08,Other Serious,605.0
FASENRA,2002.0,7.14,Other Serious,604.0
VENETOCLAX,1977.0,21.24,Other Serious,805.0
ICATIBANT,1974.0,0.61,Other Serious,761.0
TAGRISSO,1968.0,19.16,Other Serious,970.0
ENTYVIO,1964.0,2.19,Other Serious,732.0
FRUQUINTINIB,1961.0,36.82,Other Serious,781.0
CARVYKTI,1932.0,9.11,Other Serious,451.0
VYNDAMAX,1916.0,28.81,Other Serious,398.0
TEZSPIRE,1877.0,3.62,Other Serious,455.0
BUDESONIDE\FORMOTEROL\GLYCOPYRRONIUM,1858.0,63.83,Other Serious,429.0
XCOPRI,1841.0,1.9,Other Serious,169.0
RISANKIZUMAB,1837.0,0.49,Other Serious,229.0
ADBRY,1826.0,1.48,Other Serious,154.0
ACALABRUTINIB,1816.0,12.44,Other Serious,959.0
CIPROFLOXACIN,1788.0,4.19,Other Serious,807.0
LANADELUMAB,1781.0,2.41,Other Serious,563.0
VENLAFAXINE,1767.0,9.68,Other Serious,604.0
ZOLEDRONIC ACID,1759.0,4.43,Other Serious,1075.0
DOXORUBICIN,1755.0,16.18,Other Serious,882.0
OPSUMIT,1746.0,14.09,Other Serious,159.0
VEVYE,1729.0,0.0,Other Serious,11.0
BORTEZOMIB,1719.0,13.21,Other Serious,1055.0
TREPROSTINIL,1706.0,15.47,Other Serious,399.0
HIZENTRA,1703.0,7.93,Other Serious,471.0
BASAGLAR,1687.0,0.47,Other Serious,200.0
VANCOMYCIN,1687.0,17.49,Other Serious,496.0
YERVOY,1676.0,29.12,Other Serious,533.0
DOCETAXEL,1667.0,13.5,Other Serious,759.0
AMBRISENTAN,1666.0,15.13,Other Serious,261.0
VOLTAREN ARTHRITIS PAIN,1659.0,0.66,Other Serious,6.0
LAMOTRIGINE,1650.0,7.52,Other Serious,545.0
RAMIPRIL,1647.0,1.52,Other Serious,308.0
LEQVIO,1632.0,3.37,Other Serious,504.0
LETROZOLE,1626.0,5.47,Other Serious,1053.0
MINOXIDIL,1620.0,0.0,Other Serious,75.0
MEPOLIZUMAB,1619.0,7.6,Other Serious,559.0
GLASSIA,1608.0,7.15,Other Serious,720.0
PADCEV,1605.0,19.0,Other Serious,672.0
STRENSIQ,1598.0,1.44,Other Serious,845.0
DICLOFENAC,1596.0,15.23,Other Serious,541.0
VABYSMO,1590.0,10.63,Other Serious,848.0
MIRALAX,1578.0,0.38,Other Serious,50.0
DOXYCYCLINE,1569.0,5.8,Other Serious,767.0
OMEPRAZOLE,1568.0,4.85,Other Serious,613.0
TAVNEOS,1563.0,12.8,Other Serious,273.0
FLUOROURACIL,1554.0,7.79,Other Serious,541.0
PALYNZIQ,1540.0,0.32,Other Serious,197.0
CITALOPRAM,1532.0,50.39,Other Serious,314.0
OXYCODONE HYDROCHLORIDE,1528.0,23.17,Other Serious,360.0
CLOPIDOGREL,1527.0,10.67,Other Serious,620.0
TRAMADOL,1519.0,19.42,Other Serious,588.0
COBENFY,1518.0,1.25,Other Serious,196.0
AIMOVIG,1516.0,5.08,Other Serious,284.0
RUXIENCE,1516.0,6.73,Other Serious,949.0
GEMTESA,1500.0,6.07,Other Serious,177.0
LEQEMBI,1498.0,4.74,Other Serious,225.0
HYRIMOZ,1496.0,4.75,Other Serious,569.0
PANTOPRAZOLE,1494.0,7.97,Other Serious,539.0
AZITHROMYCIN,1491.0,7.65,Other Serious,602.0
CABENUVA,1477.0,1.9,Other Serious,273.0
ENTRESTO,1470.0,8.84,Other Serious,697.0
SYMBICORT,1466.0,1.36,Other Serious,428.0
GEMCITABINE,1465.0,13.24,Other Serious,825.0
FULVESTRANT,1456.0,14.08,Other Serious,856.0
RUXOLITINIB,1452.0,15.36,Other Serious,760.0
KISUNLA,1445.0,2.21,Other Serious,506.0
CAMZYOS,1416.0,2.97,Other Serious,262.0
AMOXICILLIN,1415.0,2.47,Other Serious,619.0
VYALEV,1402.0,7.85,Other Serious,245.0
XARELTO,1396.0,5.87,Other Serious,532.0
IXAZOMIB,1393.0,21.32,Other Serious,514.0
TRUVADA,1388.0,0.5,Other Serious,1045.0
ALPRAZOLAM,1387.0,19.83,Other Serious,367.0
VELAGLUCERASE ALFA,1383.0,4.77,Other Serious,429.0
AVASTIN,1383.0,28.2,Other Serious,455.0
CAPLYTA,1381.0,0.94,Other Serious,241.0
TRIKAFTA,1375.0,2.55,Other Serious,251.0
UBLITUXIMAB,1364.0,0.81,Other Serious,104.0
INVEGA SUSTENNA,1358.0,1.25,Other Serious,219.0
AVONEX,1343.0,3.87,Other Serious,252.0
BOTOX COSMETIC,1339.0,0.07,Other Serious,36.0
RYBREVANT,1334.0,7.12,Other Serious,569.0
RILPIVIRINE,1332.0,1.05,Other Serious,215.0
NEXPLANON,1326.0,0.15,Other Serious,1212.0
LUMRYZ,1319.0,0.15,Other Serious,123.0
SYNTHROID,1317.0,21.94,Other Serious,327.0
HEMANGEOL,1313.0,0.08,Other Serious,4.0
RISPERIDONE,1313.0,5.86,Other Serious,504.0
FARXIGA,1309.0,18.26,Other Serious,307.0
MIRTAZAPINE,1305.0,10.27,Other Serious,561.0
OMALIZUMAB,1303.0,1.23,Other Serious,836.0
QINLOCK,1302.0,6.37,Other Serious,313.0
LEVOFLOXACIN,1299.0,5.47,Other Serious,472.0
LYNPARZA,1294.0,13.6,Other Serious,720.0
ESTRADIOL TRANSDERMAL SYSTEM,1279.0,0.0,Other Serious,11.0
DUPILUMAB,1278.0,2.27,Other Serious,360.0
TAVALISSE,1269.0,6.78,Other Serious,41.0
WINREVAIR,1261.0,3.89,Other Serious,168.0
LANTUS,1259.0,0.64,Other Serious,86.0
LINEZOLID,1257.0,9.86,Other Serious,568.0
TADALAFIL,1251.0,11.99,Other Serious,359.0
TERIPARATIDE,1238.0,3.23,Other Serious,297.0
AJOVY,1238.0,1.45,Other Serious,448.0
EZETIMIBE,1236.0,1.54,Other Serious,732.0
ACOLTREMON,1232.0,0.0,Other Serious,12.0
VOQUEZNA,1229.0,2.69,Other Serious,14.0
IMATINIB,1227.0,7.25,Other Serious,710.0
XDEMVY,1200.0,0.75,Other Serious,38.0
XYREM,1191.0,0.42,Other Serious,866.0
DIAZEPAM,1186.0,13.49,Other Serious,386.0
QSYMIA,1182.0,0.25,Other Serious,52.0
NIVOLUMAB,1177.0,14.19,Other Serious,540.0
UPADACITINIB,1177.0,1.44,Other Serious,280.0
BUPRENORPHINE,1174.0,33.65,Other Serious,285.0
TECFIDERA,1163.0,2.06,Other Serious,245.0
FINTEPLA,1162.0,1.98,Other Serious,737.0
PEMETREXED,1158.0,14.16,Other Serious,424.0
RISPERDAL,1151.0,1.91,Other Serious,267.0
ACTEMRA ACTPEN,1150.0,4.87,Other Serious,142.0
ETOPOSIDE,1149.0,22.63,Other Serious,430.0
TEZEPELUMAB,1146.0,13.44,Other Serious,555.0
"DEXTROAMPHETAMINE SACCHARATE, AMPHETAMINE ASPARTATE, DEXTROAMPHETAMINE SULFATE AND AMPHETAMINE SULFATE",1140.0,13.6,Other Serious,258.0
ARIKAYCE,1125.0,14.04,Other Serious,296.0
RYBELSUS,1122.0,2.85,Other Serious,411.0
NOVOLOG,1120.0,4.73,Other Serious,502.0
XPHOZAH,1117.0,15.85,Other Serious,34.0
ERLEADA,1113.0,10.87,Other Serious,389.0
LENVATINIB,1111.0,8.91,Other Serious,399.0
BRUKINSA,1101.0,8.9,Other Serious,476.0
AMIODARONE,1095.0,9.86,Other Serious,391.0
ZEPOSIA,1088.0,2.02,Other Serious,156.0
METRONIDAZOLE,1085.0,6.45,Other Serious,493.0
OPZELURA,1079.0,0.09,Other Serious,91.0
FUROSEMIDE,1073.0,7.92,Other Serious,347.0
ZYRTEC,1064.0,0.19,Other Serious,107.0
SLYND,1063.0,0.0,Other Serious,43.0
QUETIAPINE FUMARATE,1063.0,12.23,Other Serious,390.0
RUCONEST,1053.0,0.19,Other Serious,91.0
KEPPRA,1053.0,1.52,Other Serious,334.0
OXYCONTIN,1053.0,24.98,Other Serious,403.0
ESCITALOPRAM,1052.0,7.51,Other Serious,330.0
GUSELKUMAB,1042.0,0.19,Other Serious,46.0
ADEMPAS,1042.0,31.38,Other Serious,229.0
AZACITIDINE,1038.0,33.43,Other Serious,375.0
TOUJEO,1034.0,0.48,Other Serious,67.0
DUPIXENT,125677.0,0.38,Required Intervention,30.0
ZEPBOUND,30098.0,0.17,Required Intervention,26.0
MOUNJARO,27901.0,1.0,Required Intervention,14.0
SKYRIZI,19963.0,3.63,Required Intervention,25.0
RINVOQ,15046.0,4.11,Required Intervention,23.0
OZEMPIC,14766.0,1.32,Required Intervention,15.0
REVLIMID,13432.0,5.59,Required Intervention,5.0
HUMIRA,11402.0,6.37,Required Intervention,34.0
LENALIDOMIDE,10962.0,7.48,Required Intervention,83.0
BIMZELX,10225.0,0.4,Required Intervention,2.0
GENOTROPIN,10000.0,0.21,Required Intervention,2.0
POMALYST,8464.0,7.44,Required Intervention,10.0
RITUXIMAB,8373.0,16.31,Required Intervention,2.0
ORENCIA,8264.0,4.5,Required Intervention,6.0
DAPAGLIFLOZIN,8019.0,38.38,Required Intervention,8.0
CIMZIA,7893.0,2.53,Required Intervention,1.0
KEYTRUDA,7675.0,19.4,Required Intervention,5.0
ACETAMINOPHEN,7539.0,23.89,Required Intervention,1.0
ALBUTEROL SULFATE,7409.0,0.2,Required Intervention,2.0
TEDUGLUTIDE,7346.0,6.34,Required Intervention,1.0
METHOTREXATE,7236.0,10.95,Required Intervention,2.0
NEMLUVIO,6946.0,0.71,Required Intervention,1.0
REPATHA,6903.0,2.65,Required Intervention,13.0
ELIQUIS,6716.0,14.55,Required Intervention,2.0
PREDNISONE,6660.0,14.35,Required Intervention,1.0
SPRAVATO,6469.0,2.41,Required Intervention,2.0
TYMLOS,6287.0,1.26,Required Intervention,7.0
COSENTYX,6172.0,7.29,Required Intervention,11.0
JAKAFI,6171.0,7.08,Required Intervention,4.0
REMODULIN,5964.0,4.64,Required Intervention,8.0
TREMFYA,5681.0,1.25,Required Intervention,9.0
MYCOPHENOLATE MOFETIL,5676.0,14.62,Required Intervention,2.0
CARBOPLATIN,5619.0,12.01,Required Intervention,6.0
NUCALA,5563.0,2.12,Required Intervention,40.0
WEGOVY,5276.0,0.66,Required Intervention,14.0
XELJANZ XR,5243.0,1.64,Required Intervention,5.0
IBRANCE,5179.0,10.74,Required Intervention,7.0
TACROLIMUS,5147.0,12.98,Required Intervention,2.0
XOLAIR,5086.0,0.92,Required Intervention,5.0
INFLIXIMAB,4638.0,4.05,Required Intervention,4.0
OCREVUS,4572.0,2.01,Required Intervention,4.0
BENLYSTA,4541.0,0.7,Required Intervention,43.0
ATORVASTATIN,4512.0,3.81,Required Intervention,1.0
FINASTERIDE,4420.0,2.17,Required Intervention,2.0
SIMPONI,4419.0,1.45,Required Intervention,4.0
TRULICITY,4339.0,1.06,Required Intervention,4.0
LEVETIRACETAM,4253.0,4.21,Required Intervention,2.0
HUMAN IMMUNOGLOBULIN G\HYALURONIDASE RECOMBINANT HUMAN,4183.0,6.65,Required Intervention,7.0
KESIMPTA,4162.0,1.59,Required Intervention,5.0
IBUPROFEN,4159.0,4.3,Required Intervention,1.0
TYVASO,4114.0,6.27,Required Intervention,2.0
CLOZAPINE,4085.0,14.91,Required Intervention,3.0
ULTOMIRIS,4018.0,9.81,Required Intervention,4.0
HUMALOG,3909.0,0.72,Required Intervention,1.0
INFLECTRA,3898.0,1.56,Required Intervention,3.0
DEXAMETHASONE,3854.0,12.9,Required Intervention,1.0
STELARA,3850.0,1.97,Required Intervention,8.0
METFORMIN,3812.0,10.49,Required Intervention,1.0
BEVACIZUMAB,3700.0,19.68,Required Intervention,9.0
CARBIDOPA\LEVODOPA,3658.0,33.41,Required Intervention,1.0
MIRENA,3573.0,0.11,Required Intervention,2.0
VENCLEXTA,3493.0,30.52,Required Intervention,7.0
SERTRALINE,3456.0,5.15,Required Intervention,3.0
TYSABRI,3410.0,4.19,Required Intervention,3.0
OXALIPLATIN,3388.0,10.24,Required Intervention,7.0
REMICADE,3329.0,3.09,Required Intervention,10.0
OXERVATE,3307.0,0.91,Required Intervention,1.0
OSIMERTINIB,3302.0,40.31,Required Intervention,4.0
PARAGARD T 380A,3287.0,0.09,Required Intervention,5.0
EMGALITY,3277.0,0.18,Required Intervention,1.0
ENBREL,3258.0,5.22,Required Intervention,22.0
LENVIMA,3245.0,6.59,Required Intervention,1.0
TRELEGY ELLIPTA,3151.0,4.79,Required Intervention,16.0
PREGABALIN,3136.0,11.19,Required Intervention,1.0
GABAPENTIN,2974.0,10.02,Required Intervention,3.0
ALBUTEROL,2973.0,2.76,Required Intervention,4.0
PEMBROLIZUMAB,2938.0,12.76,Required Intervention,1.0
BOTOX,2931.0,10.92,Required Intervention,5.0
EPIDIOLEX,2929.0,16.32,Required Intervention,2.0
PROLIA,2872.0,17.79,Required Intervention,12.0
TALTZ,2840.0,1.65,Required Intervention,6.0
AMLODIPINE,2835.0,9.1,Required Intervention,3.0
BREZTRI,2817.0,4.54,Required Intervention,2.0
OLANZAPINE,2817.0,7.06,Required Intervention,4.0
OPDIVO,2760.0,20.54,Required Intervention,3.0
ACTEMRA,2749.0,9.6,Required Intervention,2.0
IMBRUVICA,2741.0,16.6,Required Intervention,1.0
OFEV,2673.0,19.72,Required Intervention,15.0
OTEZLA,2672.0,2.17,Required Intervention,8.0
PAXLOVID,2663.0,1.35,Required Intervention,3.0
KISQALI,2661.0,11.39,Required Intervention,8.0
VERZENIO,2613.0,4.4,Required Intervention,3.0
PACLITAXEL,2521.0,7.3,Required Intervention,10.0
AYVAKIT,2423.0,2.02,Required Intervention,1.0
SOLIRIS,2420.0,17.27,Required Intervention,1.0
ARIPIPRAZOLE,2377.0,7.15,Required Intervention,4.0
HEMLIBRA,2360.0,4.19,Required Intervention,1.0
CYCLOSPORINE,2357.0,14.59,Required Intervention,1.0
CONTRAVE,2350.0,0.09,Required Intervention,1.0
CYCLOPHOSPHAMIDE,2341.0,15.85,Required Intervention,1.0
ESTRADIOL,2341.0,0.21,Required Intervention,1.0
APIXABAN,2291.0,11.35,Required Intervention,4.0
JARDIANCE,2227.0,4.63,Required Intervention,7.0
BENRALIZUMAB,2172.0,16.57,Required Intervention,3.0
QUETIAPINE,2140.0,10.75,Required Intervention,1.0
VYEPTI,2122.0,0.85,Required Intervention,2.0
VUMERITY,2119.0,3.82,Required Intervention,3.0
FENTANYL,2104.0,55.23,Required Intervention,2.0
MAVENCLAD,2062.0,1.36,Required Intervention,1.0
ADVATE,2049.0,0.54,Required Intervention,1.0
OLAPARIB,2023.0,23.63,Required Intervention,8.0
CAPECITABINE,2020.0,13.76,Required Intervention,10.0
TOLVAPTAN,2018.0,11.5,Required Intervention,2.0
ROSUVASTATIN,2013.0,1.79,Required Intervention,5.0
EVENITY,2012.0,4.08,Required Intervention,4.0
FASENRA,2002.0,7.14,Required Intervention,7.0
ICATIBANT,1974.0,0.61,Required Intervention,27.0
TAGRISSO,1968.0,19.16,Required Intervention,4.0
ENTYVIO,1964.0,2.19,Required Intervention,2.0
CARVYKTI,1932.0,9.11,Required Intervention,10.0
VYNDAMAX,1916.0,28.81,Required Intervention,1.0
TEZSPIRE,1877.0,3.62,Required Intervention,16.0
BUDESONIDE\FORMOTEROL\GLYCOPYRRONIUM,1858.0,63.83,Required Intervention,2.0
ADBRY,1826.0,1.48,Required Intervention,1.0
ACALABRUTINIB,1816.0,12.44,Required Intervention,4.0
CIPROFLOXACIN,1788.0,4.19,Required Intervention,9.0
VENLAFAXINE,1767.0,9.68,Required Intervention,6.0
ZOLEDRONIC ACID,1759.0,4.43,Required Intervention,5.0
VEVYE,1729.0,0.0,Required Intervention,1.0
HIZENTRA,1703.0,7.93,Required Intervention,3.0
VANCOMYCIN,1687.0,17.49,Required Intervention,3.0
DOCETAXEL,1667.0,13.5,Required Intervention,3.0
AMBRISENTAN,1666.0,15.13,Required Intervention,8.0
LAMOTRIGINE,1650.0,7.52,Required Intervention,4.0
LEQVIO,1632.0,3.37,Required Intervention,5.0
MINOXIDIL,1620.0,0.0,Required Intervention,2.0
MEPOLIZUMAB,1619.0,7.6,Required Intervention,2.0
STRENSIQ,1598.0,1.44,Required Intervention,2.0
VABYSMO,1590.0,10.63,Required Intervention,3.0
DOXYCYCLINE,1569.0,5.8,Required Intervention,4.0
OMEPRAZOLE,1568.0,4.85,Required Intervention,4.0
TAVNEOS,1563.0,12.8,Required Intervention,1.0
FLUOROURACIL,1554.0,7.79,Required Intervention,2.0
TRAMADOL,1519.0,19.42,Required Intervention,1.0
AIMOVIG,1516.0,5.08,Required Intervention,3.0
RUXIENCE,1516.0,6.73,Required Intervention,3.0
GEMTESA,1500.0,6.07,Required Intervention,2.0
LEQEMBI,1498.0,4.74,Required Intervention,4.0
HYRIMOZ,1496.0,4.75,Required Intervention,2.0
PANTOPRAZOLE,1494.0,7.97,Required Intervention,1.0
AZITHROMYCIN,1491.0,7.65,Required Intervention,2.0
CABENUVA,1477.0,1.9,Required Intervention,7.0
SYMBICORT,1466.0,1.36,Required Intervention,6.0
KISUNLA,1445.0,2.21,Required Intervention,7.0
AMOXICILLIN,1415.0,2.47,Required Intervention,4.0
XARELTO,1396.0,5.87,Required Intervention,1.0
AVASTIN,1383.0,28.2,Required Intervention,1.0
TRIKAFTA,1375.0,2.55,Required Intervention,1.0
INVEGA SUSTENNA,1358.0,1.25,Required Intervention,2.0
AVONEX,1343.0,3.87,Required Intervention,2.0
BOTOX COSMETIC,1339.0,0.07,Required Intervention,1.0
RYBREVANT,1334.0,7.12,Required Intervention,1.0
NEXPLANON,1326.0,0.15,Required Intervention,5.0
HEMANGEOL,1313.0,0.08,Required Intervention,1.0
RISPERIDONE,1313.0,5.86,Required Intervention,3.0
FARXIGA,1309.0,18.26,Required Intervention,2.0
LEVOFLOXACIN,1299.0,5.47,Required Intervention,13.0
LYNPARZA,1294.0,13.6,Required Intervention,4.0
WINREVAIR,1261.0,3.89,Required Intervention,1.0
LANTUS,1259.0,0.64,Required Intervention,1.0
LINEZOLID,1257.0,9.86,Required Intervention,4.0
TADALAFIL,1251.0,11.99,Required Intervention,2.0
TERIPARATIDE,1238.0,3.23,Required Intervention,8.0
AJOVY,1238.0,1.45,Required Intervention,3.0
VOQUEZNA,1229.0,2.69,Required Intervention,2.0
XDEMVY,1200.0,0.75,Required Intervention,6.0
DIAZEPAM,1186.0,13.49,Required Intervention,1.0
QSYMIA,1182.0,0.25,Required Intervention,1.0
NIVOLUMAB,1177.0,14.19,Required Intervention,1.0
BUPRENORPHINE,1174.0,33.65,Required Intervention,2.0
TECFIDERA,1163.0,2.06,Required Intervention,1.0
RISPERDAL,1151.0,1.91,Required Intervention,1.0
ACTEMRA ACTPEN,1150.0,4.87,Required Intervention,3.0
ETOPOSIDE,1149.0,22.63,Required Intervention,1.0
TEZEPELUMAB,1146.0,13.44,Required Intervention,2.0
"DEXTROAMPHETAMINE SACCHARATE, AMPHETAMINE ASPARTATE, DEXTROAMPHETAMINE SULFATE AND AMPHETAMINE SULFATE",1140.0,13.6,Required Intervention,1.0
RYBELSUS,1122.0,2.85,Required Intervention,1.0
ERLEADA,1113.0,10.87,Required Intervention,2.0
BRUKINSA,1101.0,8.9,Required Intervention,1.0
AMIODARONE,1095.0,9.86,Required Intervention,4.0
ZEPOSIA,1088.0,2.02,Required Intervention,2.0
METRONIDAZOLE,1085.0,6.45,Required Intervention,3.0
OPZELURA,1079.0,0.09,Required Intervention,2.0
ZYRTEC,1064.0,0.19,Required Intervention,10.0
QUETIAPINE FUMARATE,1063.0,12.23,Required Intervention,3.0
ESCITALOPRAM,1052.0,7.51,Required Intervention,3.0
ADEMPAS,1042.0,31.38,Required Intervention,3.0
TOUJEO,1034.0,0.48,Required Intervention,1.0
